start,pc1,SP500,MP_pm,CBI_pm,MP_median,CBI_median
1990-02-08 11:30,-0.00050427,-0.1519,-0,-0.00050427,0.00879682,-0.00930109
1990-03-28 11:30,-0.02653909,-0.17591,-0,-0.02653909,-0.00279028,-0.02374881
1990-05-16 11:30,-0.01182232,0.05109,-0.01182232,-0,-0.00895468,-0.00286764
1990-07-05 11:30,0.00177245,-0.00841,0.00177245,0,0.00138722,0.00038523
1990-07-13 11:30,-0.07168258,0.0407,-0.07168258,-0,-0.03826586,-0.03341672
1990-08-22 11:30,0,0.19733,0,0,-0.0117553,0.0117553
1990-10-03 11:30,-0.00302604,-0.1207,-0,-0.00302604,0.00567729,-0.00870333
1990-10-29 11:30,-0.0082768,-0.52277,-0,-0.0082768,0.02700393,-0.03528073
1990-11-14 11:30,0.00395494,-0.01568,0.00395494,0,0.00291156,0.00104338
1990-11-15 11:30,-0.00442427,-0.1537,-0,-0.00442427,0.00694405,-0.01136832
1990-11-16 11:30,0.00486575,-0.17373,0.00486575,0,0.01278228,-0.00791653
1990-12-07 11:30,-0.04296746,0.08546,-0.04296746,-0,-0.02657473,-0.01639273
1990-12-18 15:30,-0.1221734,0.71884,-0.1221734,-0,-0.10390927,-0.01826413
1990-12-19 11:30,0.01926413,0.03332,0,0.01926413,0.00764713,0.011617
1991-01-08 11:30,-0.1238699,0.36169,-0.1238699,-0,-0.08348146,-0.04038844
1991-02-01 09:15,-0.05732123,-0.04952,-0,-0.05732123,-0.02571062,-0.03161061
1991-02-01 11:30,-0.05855565,0.27469,-0.05855565,-0,-0.04564159,-0.01291406
1991-02-07 11:30,-0.00739716,-0.22618,-0,-0.00739716,0.00977536,-0.01717252
1991-03-08 11:30,-0.06322843,0.48314,-0.06322843,-0,-0.06039572,-0.00283271
1991-03-27 11:30,-0.0384827,0.12454,-0.0384827,-0,-0.02666042,-0.01182228
1991-04-30 09:30,-0.21133047,0.87611,-0.21133047,-0,-0.15785666,-0.05347381
1991-04-30 11:30,0.02639552,-0.24202,0.02639552,0,0.02761532,-0.0012198
1991-05-15 11:30,0.00266705,-0.24255,0.00266705,0,0.01578266,-0.01311561
1991-07-05 11:30,0.01238421,-0.00533,0.01238421,0,0.00650962,0.00587459
1991-08-06 11:30,-0.14024658,0.36092,-0.14024658,-0,-0.09162393,-0.04862265
1991-08-21 11:30,0.05111833,0.12205,0,0.05111833,0.01828843,0.0328299
1991-09-13 09:10,-0.00702777,0.11105,-0.00702777,-0,-0.01012933,0.00310156
1991-09-13 11:30,0.00929002,-0.13256,0.00929002,0,0.01254184,-0.00325182
1991-10-02 11:30,0.00044317,-0.04619,0.00044317,0,0.0029732,-0.00253003
1991-10-30 11:30,-0.02078319,0.02805,-0.02078319,-0,-0.01206258,-0.00872061
1991-11-06 08:45,-0.11321626,0.06689,-0.11321626,-0,-0.06059289,-0.05262337
1991-11-06 11:30,0.01415577,0.00771,0,0.01415577,0.00661859,0.00753718
1991-12-06 11:30,0.00884944,0.0237,0,0.00884944,0.00301287,0.00583657
1991-12-18 11:30,0.0314363,0.00262,0,0.0314363,0.01556207,0.01587423
1991-12-20 08:30,-0.32255789,0.31868,-0.32255789,-0,-0.18026328,-0.14229461
1991-12-20 11:30,0.00860853,0.02332,0,0.00860853,0.00291505,0.00569348
1992-02-06 11:30,0.00456323,0.03621,0,0.00456323,0.00012452,0.00443871
1992-04-01 11:30,0.00360171,-0.14205,0.00360171,0,0.01026302,-0.00666131
1992-04-09 11:30,-0.26069538,0.75332,-0.26069538,-0,-0.17522429,-0.08547109
1992-05-20 11:30,0.01226025,-0.04802,0.01226025,0,0.00899076,0.00326949
1992-07-02 09:15,-0.07145685,0.22288,-0.07145685,-0,-0.04900578,-0.02245107
1992-08-19 11:30,0.00520688,0.02617,0,0.00520688,0.00104445,0.00416243
1992-09-04 11:30,-0.00430386,-0.00719,-0,-0.00430386,-0.00172361,-0.00258025
1992-10-07 11:30,0.00265272,-0.19372,0.00265272,0,0.0128666,-0.01021388
1992-11-18 11:30,-0.00915974,0.19022,-0.00915974,-0,-0.01591161,0.00675187
1992-12-23 11:30,-0.00951851,-0.07718,-0,-0.00951851,-0.00016151,-0.009357
1993-02-04 11:30,-0.00783774,-0.05131,-0,-0.00783774,-0.00086224,-0.0069755
1993-03-24 11:30,0.00884855,-0.0844,0.00884855,0,0.00945213,-0.00060358
1993-05-19 11:30,-0.02370848,0.16628,-0.02370848,-0,-0.02175983,-0.00194865
1993-07-08 11:30,0.00223495,0.31433,0,0.00223495,-0.01760772,0.01984267
1993-08-18 11:30,0.00265272,-0.05693,0.00265272,0,0.00471778,-0.00206506
1993-09-22 11:30,0.00309419,0.0022,0,0.00309419,0.00141604,0.00167815
1993-11-17 11:30,-0.00078458,0.04721,-0.00078458,-0,-0.00320467,0.00242009
1993-12-22 11:30,-0.02034981,0.01719,-0.02034981,-0,-0.01119894,-0.00915087
1994-02-04 11:05,0.13271594,-0.64105,0.13271594,0,0.10454645,0.02816949
1994-03-22 14:20,-0.0307243,0.29613,-0.0307243,-0,-0.03300314,0.00227884
1994-04-18 10:06,0.12869578,-0.68128,0.12869578,0,0.10493294,0.02376284
1994-05-17 14:26,-0.01404971,0.52219,-0.01404971,-0,-0.03813264,0.02408293
1994-07-06 14:18,-0.01584849,-0.22844,-0,-0.01584849,0.00568433,-0.02153282
1994-08-16 13:18,0.03659955,0.25704,0,0.03659955,0.00298745,0.0336121
1994-09-27 14:18,-0.03127062,-0.17136,-0,-0.03127062,-0.00542709,-0.02584353
1994-11-15 14:20,0.06367462,-0.44889,0.06367462,0,0.05857848,0.00509614
1994-12-20 14:17,-0.04890556,0.10486,-0.04890556,-0,-0.03069948,-0.01820608
1995-02-01 14:15,0.0537914,-0.25438,0.0537914,0,0.04204957,0.01174183
1995-03-28 14:15,0.01769294,-0.15511,0.01769294,0,0.01808665,-0.00039371
1995-05-23 14:15,-0.00960842,-0.04189,-0,-0.00960842,-0.00230875,-0.00729967
1995-07-06 14:15,-0.23900404,0.2993,-0.23900404,-0,-0.13733185,-0.10167219
1995-08-22 14:15,0.04159887,-0.18269,0.04159887,0,0.0316826,0.00991627
1995-09-26 14:15,0.06071908,-0.16138,0.06071908,0,0.03997323,0.02074585
1995-11-15 14:15,0.02375937,-0.06111,0.02375937,0,0.01552012,0.00823925
1995-12-19 14:15,-0.05269629,0.25709,-0.05269629,-0,-0.04166345,-0.01103284
1996-01-31 14:15,-0.04346736,0.05541,-0.04346736,-0,-0.02503455,-0.01843281
1996-03-26 11:39,0.01725172,0.15989,0,0.01725172,-0.00089907,0.01815079
1996-05-21 14:15,0.01721586,-0.19289,0.01721586,0,0.02009873,-0.00288287
1996-07-03 14:15,-0.02931495,0.1534,-0.02931495,-0,-0.02379578,-0.00551917
1996-08-20 14:15,-0.00304802,-0.1306,-0,-0.00304802,0.00625606,-0.00930408
1996-09-24 14:15,-0.11176334,0.00873,-0.11176334,-0,-0.05640173,-0.05536161
1996-11-13 14:15,-0.01447504,0.25457,-0.01447504,-0,-0.0224027,0.00792766
1996-12-17 14:15,-0.00518502,-0.06073,-0,-0.00518502,0.00102528,-0.0062103
1997-02-05 14:15,0.00137688,-0.30367,0.00137688,0,0.0187786,-0.01740172
1997-03-25 14:15,0.06224973,-0.45395,0.06224973,0,0.05816747,0.00408226
1997-05-20 14:15,-0.07631313,0.48372,-0.07631313,-0,-0.06697262,-0.00934051
1997-07-02 14:15,-0.01119697,0.1788,-0.01119697,-0,-0.01624992,0.00505295
1997-08-19 14:15,0.00581173,-0.37221,0.00581173,0,0.02507907,-0.01926734
1997-09-30 14:13,-0.0103305,-0.19196,-0,-0.0103305,0.00627015,-0.01660065
1997-11-12 14:12,-0.03479707,-0.3511,-0,-0.03479707,0.00351711,-0.03831418
1997-12-16 14:15,-0.00414519,-0.08456,-0,-0.00414519,0.00296479,-0.00710998
1998-02-04 14:12,0.02283734,-0.19164,0.02283734,0,0.022835,2.34e-06
1998-03-31 14:12,-0.00037977,-0.13567,-0,-0.00037977,0.00789222,-0.00827199
1998-05-19 14:15,-0.02050151,-0.12953,-0,-0.02050151,-0.00253442,-0.01796709
1998-07-01 14:15,-0.01734032,0.02716,-0.01734032,-0,-0.01028813,-0.00705219
1998-08-18 14:12,0.00619678,0.04839,0,0.00619678,0.00021571,0.00598107
1998-09-29 14:15,0.03607705,-0.6975,0.03607705,0,0.05958983,-0.02351278
1998-10-15 15:15,-0.20015769,2.09497,-0.20015769,-0,-0.22487991,0.02472222
1998-11-17 14:15,-0.03348512,0.63962,-0.03348512,-0,-0.05484585,0.02136073
1998-12-22 14:15,-0.00814286,-0.1237,-0,-0.00814286,0.0032976,-0.01144046
1999-02-03 14:15,0.01000772,0.17015,0,0.01000772,-0.00513228,0.01514
1999-03-30 14:15,-0.02554338,-0.16838,-0,-0.02554338,-0.002741,-0.02280238
1999-05-18 14:15,0.10189895,-1.38561,0.10189895,0,0.13349271,-0.03159376
1999-06-30 14:15,-0.1044436,1.60132,-0.1044436,-0,-0.14761526,0.04317166
1999-08-24 14:15,0.00728979,0.59237,0,0.00728979,-0.03164363,0.03893342
1999-10-05 14:15,0.06362078,-0.81193,0.06362078,0,0.0801785,-0.01655772
1999-11-16 14:15,0.07573805,-0.32364,0.07573805,0,0.05714883,0.01858922
1999-12-21 14:15,0.03219764,0.48527,0,0.03219764,-0.01280957,0.04500721
2000-02-02 14:15,-0.00583982,-0.3357,-0,-0.00583982,0.01707833,-0.02291815
2000-03-21 14:15,-0.00771107,-0.03942,-0,-0.00771107,-0.00150722,-0.00620385
2000-05-16 14:15,0.05916746,-0.64349,0.05916746,0,0.06791757,-0.00875011
2000-06-28 14:15,-0.03511403,0.26977,-0.03511403,-0,-0.03362769,-0.00148634
2000-08-22 14:15,0.04738727,-0.15955,0.04738727,0,0.03319831,0.01418896
2000-10-03 14:15,0.03857489,-0.22039,0.03857489,0,0.03241647,0.00615842
2000-11-15 14:15,0.00613288,-0.6872,0.00613288,0,0.04400416,-0.03787128
2000-12-19 14:15,0.02141004,-0.56081,0.02141004,0,0.04411346,-0.02270342
2001-01-03 13:15,-0.18147377,4.51038,-0.18147377,-0,-0.35942819,0.17795442
2001-01-31 14:15,-0.01148001,-0.51737,-0,-0.01148001,0.02508064,-0.03656065
2001-03-20 14:15,-0.06728913,-0.60045,-0,-0.06728913,0.0021253,-0.06941443
2001-04-18 10:55,-0.50285707,2.32456,-0.50285707,-0,-0.38990668,-0.11295039
2001-05-15 14:15,-0.1472675,0.37291,-0.1472675,-0,-0.09584866,-0.05141884
2001-06-27 14:12,0.08547509,-0.52379,0.08547509,0,0.07394064,0.01153445
2001-08-21 14:15,-0.08959379,-0.6934,-0,-0.08959379,-0.00348983,-0.08610396
2001-09-17 08:20,-0.07502446,NaN,-0,-0,0,0
2001-10-02 14:15,-0.05988541,-0.35196,-0,-0.05988541,-0.00897583,-0.05090958
2001-11-06 14:20,-0.17636748,0.6426,-0.17636748,-0,-0.12646456,-0.04990292
2001-12-11 14:14,-0.07196795,0.26526,-0.07196795,-0,-0.05178598,-0.02018197
2002-01-30 14:15,0.02615482,-0.03735,0.02615482,0,0.01530242,0.0108524
2002-03-19 14:15,-0.0704417,-0.33914,-0,-0.0704417,-0.01501768,-0.05542402
2002-05-07 14:15,-0.0328895,-0.29932,-0,-0.0328895,0.00138627,-0.03427577
2002-06-26 14:15,0.00562857,-0.48238,0.00562857,0,0.03155051,-0.02592194
2002-08-13 14:15,-0.10169282,-0.60374,-0,-0.10169282,-0.01488055,-0.08681227
2002-09-24 14:15,-0.01260174,-1.01173,-0,-0.01260174,0.05396967,-0.06657141
2002-11-06 14:14,-0.10269602,-0.53662,-0,-0.10269602,-0.01938061,-0.08331541
2002-12-10 14:15,0.01804844,-0.2987,0.01804844,0,0.02681831,-0.00876987
2003-01-29 14:16,0.04311823,0.15934,0,0.04311823,0.01206695,0.03105128
2003-03-18 14:15,0.00707533,-0.43291,0.00707533,0,0.02932688,-0.02225155
2003-05-06 14:13,-0.08959236,0.12916,-0.08959236,-0,-0.05249047,-0.03710189
2003-06-25 14:15,0.14129693,-0.20488,0.14129693,0,0.08285353,0.0584434
2003-08-12 14:15,-0.0343401,-0.07643,-0,-0.0343401,-0.01261698,-0.02172312
2003-09-16 14:19,-0.00338044,0.09982,-0.00338044,-0,-0.00763667,0.00425623
2003-10-28 14:15,-0.08121883,-0.0135,-0,-0.08121883,-0.0398052,-0.04141363
2003-12-09 14:15,0.02837882,-0.11632,0.02837882,0,0.0211188,0.00726002
2004-01-28 14:15,0.12555183,-0.91791,0.12555183,0,0.11745744,0.00809439
2004-03-16 14:15,-0.05850592,-0.05315,-0,-0.05850592,-0.02608672,-0.0324192
2004-05-04 14:15,0.00608861,0.36501,0,0.00608861,-0.01869999,0.0247886
2004-06-30 14:15,-0.02713915,0.26758,-0.02713915,-0,-0.02950979,0.00237064
2004-08-10 14:15,0.04933364,-0.30232,0.04933364,0,0.04267656,0.00665708
2004-09-21 14:15,-0.01409511,0.0293,-0.01409511,-0,-0.00879301,-0.0053021
2004-11-10 14:15,-0.02821121,0.1175,-0.02821121,-0,-0.02110529,-0.00710592
2004-12-14 14:15,-0.01443627,0.06497,-0.01443627,-0,-0.01108851,-0.00334776
2005-02-02 14:15,-0.01390115,0.01929,-0.01390115,-0,-0.00809971,-0.00580144
2005-03-22 14:15,0.06719978,-0.33953,0.06719978,0,0.05382629,0.01337349
2005-05-03 14:15,0.02621937,0.15831,0,0.02621937,0.00367888,0.02254049
2005-05-03 16:00,-0.02063068,0.46269,-0.02063068,-0,-0.0378786,0.01724792
2005-06-30 14:15,0.04660602,-0.41325,0.04660602,0,0.04792104,-0.00131502
2005-08-09 14:15,-0.01971435,0.21427,-0.01971435,-0,-0.02262162,0.00290727
2005-09-20 14:15,0.02454297,-0.15015,0.02454297,0,0.02121619,0.00332678
2005-11-01 14:15,0.0064147,0.2192,0,0.0064147,-0.00985078,0.01626548
2005-12-13 14:15,-0.02694551,0.52662,-0.02694551,-0,-0.04484444,0.01789893
2006-01-31 14:14,0.02963536,-0.22803,0.02963536,0,0.02840183,0.00123353
2006-03-28 14:15,0.04568123,-0.62108,0.04568123,0,0.05983945,-0.01415822
2006-05-10 14:15,0.05038623,-0.19309,0.05038623,0,0.03669583,0.0136904
2006-06-29 14:15,-0.04262112,0.54151,-0.04262112,-0,-0.05356927,0.01094815
2006-08-08 14:15,-0.04025978,-0.2469,-0,-0.04025978,-0.00542162,-0.03483816
2006-09-20 14:15,0.01769471,-0.26777,0.01769471,0,0.02479889,-0.00710418
2006-10-25 14:15,-0.01039445,-0.07474,-0,-0.01039445,-0.00074483,-0.00964962
2006-12-12 14:15,-0.03211267,0.26109,-0.03211267,-0,-0.03160993,-0.00050274
2007-01-31 14:15,-0.00802387,0.4816,-0.00802387,-0,-0.0327017,0.02467783
2007-03-21 14:15,-0.08278661,0.81634,-0.08278661,-0,-0.09002412,0.00723751
2007-05-09 14:15,0.03635639,-0.13457,0.03635639,0,0.02619477,0.01016162
2007-06-28 14:15,0.01201642,-0.27362,0.01201642,0,0.02230824,-0.01029182
2007-08-07 14:15,-0.02138079,-1.07689,-0,-0.02138079,0.05346185,-0.07484264
2007-08-10 09:15,-0.00290783,-1.18487,-0,-0.00290783,0.06913089,-0.07203872
2007-08-17 08:15,-0.02824396,1.00788,-0.02824396,-0,-0.07416317,0.04591921
2007-09-18 14:15,-0.20369923,1.32029,-0.20369923,-0,-0.18050162,-0.02319761
2007-10-31 14:15,0.05304575,-0.41526,0.05304575,0,0.05126065,0.0017851
2007-12-11 14:15,0.03724435,-1.76769,0.03724435,0,0.12392659,-0.08668224
2008-01-22 08:20,-0.15795399,NaN,-0,-0,0,0
2008-01-30 14:15,-0.12004853,0.81482,-0.12004853,-0,-0.10856453,-0.011484
2008-03-11 08:30,0.10109703,1.41888,0,0.10109703,-0.03397667,0.1350737
2008-03-18 14:15,0.05212009,-0.94124,0.05212009,0,0.08213138,-0.03001129
2008-04-30 14:15,-0.07904443,0.16293,-0.07904443,-0,-0.04922824,-0.02981619
2008-06-25 14:15,-0.05301631,0.03392,-0.05301631,-0,-0.02852883,-0.02448748
2008-08-05 14:15,-0.0357333,0.13432,-0.0357333,-0,-0.02586833,-0.00986497
2008-09-16 14:15,0.10477371,-0.62947,0.10477371,0,0.0898855,0.01488821
2008-10-08 07:00,-0.03507417,NaN,-0,-0,0,0
2008-10-29 14:17,-0.07880913,-1.12724,-0,-0.07880913,0.02774711,-0.10655624
2008-11-25 08:15,-0.09180127,1.64061,-0.09180127,-0,-0.14363467,0.0518334
2008-12-16 14:15,-0.24582442,1.59331,-0.24582442,-0,-0.2178285,-0.02799592
2009-01-28 14:15,-0.01045674,-0.1973,-0,-0.01045674,0.00652514,-0.01698188
2009-03-18 14:15,-0.06036648,1.80819,-0.06036648,-0,-0.13790031,0.07753383
2009-04-29 14:15,0.01677239,0.62292,0,0.01677239,-0.02872225,0.04549464
2009-06-24 14:15,0.03822573,-0.6802,0.03822573,0,0.05963358,-0.02140785
2009-08-12 14:15,-0.01405634,-0.26438,-0,-0.01405634,0.00872141,-0.02277775
2009-09-23 14:15,-0.08738741,0.52867,-0.08738741,-0,-0.07518751,-0.0121999
2009-11-04 14:15,-0.02473864,0.08621,-0.02473864,-0,-0.017505,-0.00723364
2009-12-16 14:15,0.00163136,-0.05211,0.00163136,0,0.00391996,-0.0022886
2010-01-27 14:15,0.02757133,0.09656,0,0.02757133,0.00803342,0.01953791
2010-03-16 14:15,-0.03560077,0.19305,-0.03560077,-0,-0.02930071,-0.00630006
2010-04-28 14:15,-0.0066651,0.16698,-0.0066651,-0,-0.01327984,0.00661474
2010-06-23 14:15,0.0037599,0.34692,0,0.0037599,-0.01878669,0.02254659
2010-08-10 14:15,-0.01782857,0.68052,-0.01782857,-0,-0.04945406,0.03162549
2010-09-21 14:15,-0.00560492,0.59361,-0.00560492,-0,-0.03816486,0.03255994
2010-11-03 14:15,-0.00184568,-0.30103,-0,-0.00184568,0.01701005,-0.01885573
2010-12-14 14:15,-0.00464501,0.01285,-0.00464501,-0,-0.003088,-0.00155701
2011-01-26 14:15,-0.00792444,-0.08019,-0,-0.00792444,0.00081484,-0.00873928
2011-03-15 14:15,0.00675772,0.27359,0,0.00675772,-0.01291938,0.0196771
2011-04-27 12:30,-0.01029666,0.1752,-0.01029666,-0,-0.0155853,0.00528864
2011-06-22 12:30,0.00337886,0.10646,0,0.00337886,-0.00465258,0.00803144
2011-08-09 14:15,-0.02630704,-0.87788,-0,-0.02630704,0.03914334,-0.06545038
2011-09-21 14:15,0.05393922,-0.609,0.05393922,0,0.06324882,-0.0093096
2011-11-02 12:30,0.00951031,-0.13996,0.00951031,0,0.01309282,-0.00358251
2011-12-13 14:15,0.00935067,-0.81154,0.00935067,0,0.05302021,-0.04366954
2012-01-25 12:30,-0.01793829,0.30319,-0.01793829,-0,-0.02703071,0.00909242
2012-03-13 14:15,0.00802387,0.02241,0,0.00802387,0.00267693,0.00534694
2012-04-25 12:30,0,-0.0166,0,0,0.00098889,-0.00098889
2012-06-20 12:30,0.01620543,-0.02733,0.01620543,0,0.00973081,0.00647462
2012-08-01 14:15,0.01266329,-0.1668,0.01266329,0,0.01626822,-0.00360493
2012-09-13 12:30,0.01567094,0.61107,0,0.01567094,-0.02856705,0.04423799
2012-10-24 14:15,0,-0.00141,0,0,8.4e-05,-8.4e-05
2012-12-12 12:30,-0.00353894,0.39349,-0.00353894,-0,-0.02521036,0.02167142
2013-01-30 14:15,-0.00337886,-0.07702,-0,-0.00337886,0.00289879,-0.00627765
2013-03-20 14:00,0.00181919,0.10916,0,0.00181919,-0.00559326,0.00741245
2013-05-01 14:00,0.00111939,0.14053,0,0.00111939,-0.00781193,0.00893132
2013-06-19 14:00,0.00474446,-0.06366,0.00474446,0,0.00616457,-0.00142011
2013-07-31 14:00,-0.00409198,-0.03255,-0,-0.00409198,-0.00010693,-0.00398505
2013-09-18 14:00,-0.01510175,1.00779,-0.01510175,-0,-0.06758671,0.05248496
2013-10-30 14:00,0.00221214,-0.29372,0.00221214,0,0.01860349,-0.01639135
2013-12-18 14:00,0.0013268,0.7595,0,0.0013268,-0.04458136,0.04590816
2014-01-29 14:00,0.00325635,-0.40308,0.00325635,0,0.02564036,-0.02238401
2014-03-19 14:00,0.01604774,-0.20472,0.01604774,0,0.0202194,-0.00417166
2014-04-30 14:00,0.00110607,0.01755,0,0.00110607,-0.00049245,0.00159852
2014-06-18 14:00,0.0069178,0.31782,0,0.0069178,-0.0154742,0.022392
2014-07-30 14:00,-0.00581173,0.39686,-0.00581173,-0,-0.02654752,0.02073579
2014-09-17 14:00,0.01367552,0.24878,0,0.01367552,-0.0079825,0.02165802
2014-10-29 14:00,0.0217596,-0.29393,0.0217596,0,0.02838973,-0.00663013
2014-12-17 14:00,-0.04941867,0.74124,-0.04941867,-0,-0.06886631,0.01944764
2015-01-28 14:00,-0.00587403,-0.25168,-0,-0.00587403,0.01205601,-0.01793004
2015-03-18 14:00,-0.06308127,1.42474,-0.06308127,-0,-0.11641492,0.05333365
2015-04-29 14:00,0,0.09256,0,0,-0.00551396,0.00551396
2015-06-17 14:00,-0.04155506,0.33272,-0.04155506,-0,-0.04059825,-0.00095681
2015-07-29 14:00,-0.00928838,0.12738,-0.00928838,-0,-0.01223244,0.00294406
2015-09-17 14:00,-0.06958112,0.14133,-0.06958112,-0,-0.04320984,-0.02637128
2015-10-28 14:00,0.03942826,-0.6055,0.03942826,0,0.05578484,-0.01635658
2015-12-16 14:00,0.024342,0.13922,0,0.024342,0.00387742,0.02046458
2016-01-27 14:00,-0.02732544,-0.36597,-0,-0.02732544,0.00813876,-0.0354642
2016-03-16 14:00,-0.08459395,0.26709,-0.08459395,-0,-0.058208,-0.02638595
2016-04-27 14:00,0.01067703,0.24476,0,0.01067703,-0.00924227,0.0199193
2016-06-15 14:00,-0.04252349,-0.04467,-0,-0.04252349,-0.01860067,-0.02392282
2016-07-27 14:00,0.00508768,0.21188,0,0.00508768,-0.01007823,0.01516591
2016-09-21 14:00,-0.03507374,0.29354,-0.03507374,-0,-0.03502357,-5.017e-05
2016-11-02 14:00,0.00328489,0.06189,0,0.00328489,-0.00204445,0.00532934
2016-12-14 14:00,0.03693849,-0.24159,0.03693849,0,0.03286119,0.0040773
2017-02-01 14:00,-0.02036207,0.16147,-0.02036207,-0,-0.01980009,-0.00056198
2017-03-15 14:00,-0.04659673,0.28177,-0.04659673,-0,-0.0400839,-0.00651283
2017-05-03 14:00,0.01371243,0.03859,0,0.01371243,0.00455734,0.00915509
2017-06-14 14:00,0.01901747,-0.0406,0.01901747,0,0.01192735,0.00709012
2017-07-26 14:00,-0.01310946,0.02098,-0.01310946,-0,-0.00780455,-0.00530491
2017-09-20 14:00,0.04170149,-0.14615,0.04170149,0,0.02955716,0.01214433
2017-11-01 14:00,0.00181481,0.08571,0,0.00181481,-0.00419849,0.0060133
2017-12-13 14:00,-0.00581173,0.07573,-0.00581173,-0,-0.00741723,0.0016055
2018-01-31 14:00,0.00508724,-0.10361,0.00508724,0,0.00871585,-0.00362861
2018-03-21 14:00,-0.00148644,0.3479,-0.00148644,-0,-0.02146824,0.0199818
2018-05-02 14:00,-0.00517779,0.1428,-0.00517779,-0,-0.01109574,0.00591795
2018-06-13 14:00,0.01780491,-0.13533,0.01780491,0,0.0169643,0.00084061
2018-08-01 14:00,-0.00295558,0.02134,-0.00295558,-0,-0.00274905,-0.00020653
2018-09-26 14:00,0.00104213,0.22624,0,0.00104213,-0.01295645,0.01399858
2018-11-08 14:00,0.00414192,0.09441,0,0.00414192,-0.00355321,0.00769513
2018-12-19 14:00,0.023022,-0.94125,0.023022,0,0.06758293,-0.04456093
2019-01-30 14:00,-0.02477215,0.77383,-0.02477215,-0,-0.0584845,0.03371235
2019-03-20 14:00,-0.03259716,0.50599,-0.03259716,-0,-0.0464413,0.01384414
2019-05-01 14:00,-0.0468687,0.20476,-0.0468687,-0,-0.03563227,-0.01123643
2019-06-19 14:00,-0.06768759,0.23767,-0.06768759,-0,-0.04800222,-0.01968537
2019-07-31 14:00,0.04764201,-0.13745,0.04764201,0,0.03200914,0.01563287
2019-09-18 14:00,0.03129203,-0.37358,0.03129203,0,0.03790084,-0.00660881
2019-10-11 11:00,-0.00200348,0.19962,-0.00200348,-0,-0.01289346,0.01088998
2019-10-30 14:00,0.01349164,0.14959,0,0.01349164,-0.00216552,0.01565716
2019-12-11 14:00,-0.00359915,0.16766,-0.00359915,-0,-0.01178738,0.00818823
2020-01-29 14:00,0.00884406,0.02827,0,0.00884406,0.00273794,0.00610612
2020-03-03 10:00,-0.16389354,0.65188,-0.16389354,-0,-0.12078041,-0.04311313
2020-03-15 17:00,-0.0304302,NaN,-0,-0,0,0
2020-04-29 14:00,-0.01414918,-0.18878,-0,-0.01414918,0.00417137,-0.01832055
2020-06-10 14:00,-0.00227279,0.59258,-0.00227279,-0,-0.03643743,0.03416464
2020-07-29 14:00,-0.00408104,0.06893,-0.00408104,-0,-0.0061468,0.00206576
2020-09-16 14:00,-0.00094779,0.40618,-0.00094779,-0,-0.02467076,0.02372297
2020-11-05 14:00,-0.00110607,0.0341,-0.00110607,-0,-0.00258443,0.00147836
2020-12-16 14:00,0.00025253,-0.16237,0.00025253,0,0.00979893,-0.0095464
2021-01-27 14:00,0.00176843,-0.34152,0.00176843,0,0.02122917,-0.01946074
2021-03-17 14:00,-0.00811771,0.53485,-0.00811771,-0,-0.03592081,0.0278031
2021-04-28 14:00,-0.00448328,0.05755,-0.00448328,-0,-0.00567,0.00118672
2021-06-16 14:00,0.02249166,-0.49477,0.02249166,0,0.04072015,-0.01822849
2021-07-28 14:00,0.00221214,0.18406,0,0.00221214,-0.00985871,0.01207085
2021-09-22 14:00,0,0.37317,0,0,-0.0222304,0.0222304
2021-11-03 14:00,0.00592188,0.23372,0,0.00592188,-0.01096217,0.01688405
2021-12-15 14:00,0.03525696,0.62031,0,0.03525696,-0.01932448,0.05458144
2022-01-26 14:00,-0.00789972,-0.2151,-0,-0.00789972,0.00886403,-0.01676375
2022-03-16 14:00,0.09762881,-0.74763,0.09762881,0,0.09335205,0.00427676
2022-05-04 14:00,-0.0316706,-0.14965,-0,-0.0316706,-0.00692038,-0.02475022
2022-06-13 15:15,0.15933841,-0.45255,0.15933841,0,0.10662841,0.05271
2022-06-15 14:00,0.07583308,-0.12554,0.07583308,0,0.04539518,0.0304379
2022-07-27 14:00,-0.00568505,0.05081,-0.00568505,-0,-0.00586937,0.00018432
2022-09-21 14:00,0.09087921,-1.35205,0.09087921,0,0.12598361,-0.0351044
2022-11-02 14:00,-0.07591869,0.70408,-0.07591869,-0,-0.07990264,0.00398395
2022-12-14 14:00,0.08684205,-1.14497,0.08684205,0,0.11162891,-0.02478686
2023-02-01 14:00,0.01030796,0.13746,0,0.01030796,-0.00303476,0.01334272
2023-03-22 14:00,-0.02776066,0.28513,-0.02776066,-0,-0.03086603,0.00310537
2023-05-03 14:00,0.01836955,0.11806,0,0.01836955,0.00215173,0.01621782
2023-06-14 14:00,0.05228828,-0.69926,0.05228828,0,0.06780029,-0.01551201
2023-07-26 14:00,0.00396222,0.08908,0,0.00396222,-0.00332554,0.00728776
2023-09-20 14:00,0.05101452,-0.17053,0.05101452,0,0.03566603,0.01534849
2023-11-01 14:00,-0.01378773,0.01259,-0.01378773,-0,-0.00764387,-0.00614386
2023-12-13 14:00,-0.05147917,0.66225,-0.05147917,-0,-0.06519099,0.01371182
2024-01-31 14:00,0.02116942,-0.30595,0.02116942,0,0.02881069,-0.00764127
2024-03-20 14:00,-0.02103435,0.23831,-0.02103435,-0,-0.02471372,0.00367937
2024-05-01 14:00,-0.00697801,0.11812,-0.00697801,-0,-0.01052562,0.00354761
2024-06-12 14:00,0.01544246,-0.01564,0.01544246,0,0.00865293,0.00678953
2024-07-31 14:00,0.01620469,0.14066,0,0.01620469,-0.00027702,0.01648171
2024-09-18 14:00,-0.13406728,0.39743,-0.13406728,-0,-0.09070925,-0.04335803
