start,description,FF1,FF2,FF3,FF4,MP1,ED1,ED2,ED3,ED4,TFUT02,TFUT05,TFUT10,TFUT30,SP500,SP500FUT,EUR
1988-02-04 11:30:00,"FOMC Rate Decision (Unscheduled)",NaN,NaN,NaN,NaN,NaN,-0.02,-0.02,-0.02,-0.01,NaN,NaN,-0.0091,-0.00333,0.11527,0.25766,NaN
1988-02-05 11:30:00,"FOMC Rate Decision (Unscheduled)",NaN,NaN,NaN,NaN,NaN,0.02,0.01,0.01,0.01,NaN,NaN,0.00449,0.00326,-0.16188,-0.19681,NaN
1988-02-11 11:30:00,"FOMC Rate Decision (Scheduled)",NaN,NaN,NaN,NaN,NaN,0.01,0,-0.01,-0.02,NaN,NaN,0.00452,0.00331,-0.04682,-0.11685,NaN
1988-04-04 11:30:00,"FOMC Rate Decision (Unscheduled)",NaN,NaN,NaN,NaN,NaN,0.02,0.01,0.01,0.01,NaN,NaN,-0.00473,-0.00719,-0.23604,-0.25109,NaN
1988-04-05 11:30:00,"FOMC Rate Decision (Unscheduled)",NaN,NaN,NaN,NaN,NaN,0.03,0.03,0.04,0.03,NaN,NaN,0.00945,0.00717,-0.06204,0,NaN
1988-04-06 11:30:00,"FOMC Rate Decision (Unscheduled)",NaN,NaN,NaN,NaN,NaN,-0.01,-0.02,-0.02,-0.03,NaN,NaN,-0.01417,-0.00715,-0.16636,-0.21229,NaN
1988-05-09 11:30:00,"FOMC Rate Decision (Unscheduled)",NaN,NaN,NaN,NaN,NaN,0.02,0.02,0.03,0.02,NaN,NaN,0.01448,0.00741,-0.0428,0.0194,NaN
1988-05-10 11:30:00,"FOMC Rate Decision (Unscheduled)",NaN,NaN,NaN,NaN,NaN,0,0.02,0,0,NaN,NaN,0,-0.0037,0.09705,0.0967,NaN
1988-05-18 11:30:00,"FOMC Rate Decision (Scheduled)",NaN,NaN,NaN,NaN,NaN,0.02,0.02,0.01,0.02,NaN,NaN,0.00978,0.01139,-0.15283,-0.13719,NaN
1988-05-19 11:30:00,"FOMC Rate Decision (Scheduled)",NaN,NaN,NaN,NaN,NaN,0.01,0.02,0.01,0.02,NaN,NaN,0,0,0.10825,0.22042,NaN
1988-05-20 11:30:00,"FOMC Rate Decision (Scheduled)",NaN,NaN,NaN,NaN,NaN,0,-0.01,0,0.01,NaN,NaN,0,0,0.04753,0.11858,NaN
1988-05-25 11:30:00,"FOMC Rate Decision (Unscheduled)",NaN,NaN,NaN,NaN,NaN,0.03,0.02,0.03,0.02,NaN,NaN,0.0098,0.01144,-0.00393,-0.19589,NaN
1988-05-26 11:30:00,"FOMC Rate Decision (Unscheduled)",NaN,NaN,NaN,NaN,NaN,0.03,0.04,0.01,0.01,NaN,NaN,0.00983,0.01148,-0.13366,-0.27554,NaN
1988-06-17 11:30:00,"FOMC Rate Decision (Unscheduled)",NaN,NaN,NaN,NaN,NaN,0.01,0.03,0.02,NaN,NaN,NaN,0,0.0037,-0.0518,-0.1285,NaN
1988-06-20 11:30:00,"FOMC Rate Decision (Unscheduled)",NaN,NaN,NaN,NaN,NaN,0,-0.02,-0.02,NaN,NaN,NaN,-0.00487,-0.00748,0.04463,0.03689,NaN
1988-07-01 11:30:00,"FOMC Rate Decision (Scheduled)",NaN,NaN,NaN,NaN,NaN,0.01,-0.01,0.01,0.01,NaN,0.00379,0.01426,0.01082,-0.07335,-0.14593,NaN
1988-07-19 11:30:00,"FOMC Rate Decision (Unscheduled)",NaN,NaN,NaN,NaN,NaN,0.03,0.03,0.02,0.01,NaN,0.00768,0.01464,0.00761,-0.28963,-0.40696,NaN
1988-07-20 11:30:00,"FOMC Rate Decision (Unscheduled)",NaN,NaN,NaN,NaN,NaN,0,0.01,0.02,0.02,NaN,0.00768,0.00975,0.0038,0.1301,0,NaN
1988-08-09 09:45:00,"FOMC Rate Decision (Unscheduled)",NaN,NaN,NaN,NaN,NaN,0.11,0.12,0.11,0.11,NaN,0.05003,0.02912,0.0187,-0.61641,-0.38936,NaN
1988-08-09 11:30:00,"FOMC Rate Decision (Unscheduled)",NaN,NaN,NaN,NaN,NaN,0.03,0.03,0.01,0.03,NaN,0.00773,0.00976,0.01133,-0.06006,0.03745,NaN
1988-08-17 11:30:00,"FOMC Rate Decision (Scheduled)",NaN,NaN,NaN,NaN,NaN,0,0.03,0.02,0.02,NaN,0.01556,0.01487,0.03109,-0.2335,-0.32514,NaN
1988-09-21 11:30:00,"FOMC Rate Decision (Scheduled)",NaN,NaN,NaN,NaN,NaN,-0.01,-0.01,-0.01,-0.01,NaN,-0.01149,-0.00957,-0.01093,0.09642,0.11007,NaN
1988-11-02 11:30:00,"FOMC Rate Decision (Scheduled)",NaN,NaN,NaN,NaN,0.03214,0,0.01,0.01,0.01,NaN,0.00756,0,0.0035,0.10404,0.16073,NaN
1988-11-07 11:30:00,"FOMC Rate Decision (Unscheduled)",NaN,NaN,NaN,NaN,NaN,0.01,0.03,0.03,0.03,NaN,0.00763,0.01428,0.00718,-0.16412,-0.09093,NaN
1988-11-08 11:30:00,"FOMC Rate Decision (Unscheduled)",NaN,NaN,NaN,NaN,NaN,0.02,0.03,0.04,0.03,NaN,0.01526,0.01426,0.02149,-0.07625,-0.09051,NaN
1988-12-15 11:30:00,"FOMC Rate Decision (Scheduled)",NaN,NaN,NaN,NaN,0.01937,0.03,0.06,0.03,0.05,NaN,0.03907,0.039,0.02186,0,-0.23333,NaN
1989-01-06 11:30:00,"FOMC Rate Decision (Unscheduled)",NaN,NaN,NaN,NaN,NaN,0.01,0.01,-0.01,-0.01,NaN,-0.00786,0,-0.00363,-0.03199,-0.08807,NaN
1989-01-09 11:30:00,"FOMC Rate Decision (Unscheduled)",NaN,NaN,NaN,NaN,NaN,0,-0.01,-0.02,-0.02,NaN,-0.00785,-0.00489,0,0.00713,0.0353,NaN
1989-01-10 11:30:00,"FOMC Rate Decision (Unscheduled)",NaN,NaN,NaN,NaN,NaN,0.01,0.02,0,0,NaN,0,0,0,0.04637,-0.08841,NaN
1989-02-09 11:30:00,"FOMC Rate Decision (Scheduled)",NaN,NaN,NaN,NaN,0,-0.03,-0.03,-0.03,-0.02,NaN,-0.01169,0,0,0.17763,0.08327,NaN
1989-02-14 11:30:00,"FOMC Rate Decision (Unscheduled)",NaN,NaN,NaN,NaN,0.02,0.03,0.03,0.03,0.03,NaN,0.01569,0.00488,0.00726,-0.01022,-0.15243,NaN
1989-02-23 11:30:00,"FOMC Rate Decision (Unscheduled)",NaN,NaN,NaN,NaN,NaN,0.07,0.07,0.06,0.08,NaN,0.01583,0,-0.00368,0.04134,-0.03431,NaN
1989-02-24 09:00:00,"FOMC Rate Decision (Unscheduled)",NaN,NaN,NaN,NaN,NaN,0.05,0.03,0.06,0.06,NaN,0.03956,0.03949,0.03679,0.03084,0,NaN
1989-02-24 11:30:00,"FOMC Rate Decision (Unscheduled)",NaN,NaN,NaN,NaN,NaN,-0.05,-0.04,-0.04,-0.03,NaN,-0.01981,-0.00495,-0.00739,-0.04164,-0.12099,NaN
1989-03-29 11:30:00,"FOMC Rate Decision (Scheduled)",NaN,NaN,NaN,NaN,-0.07,-0.02,-0.01,-0.03,-0.02,NaN,-0.00397,-0.01483,-0.00736,0.0137,0.08447,NaN
1989-05-17 11:30:00,"FOMC Rate Decision (Scheduled)",NaN,NaN,NaN,NaN,-0.02214,-0.02,-0.01,-0.01,-0.03,NaN,-0.01154,-0.00473,0,0.01584,0.03149,NaN
1989-06-06 11:30:00,"FOMC Rate Decision (Unscheduled)",NaN,NaN,NaN,NaN,-0.0125,-0.03,-0.04,-0.05,-0.04,NaN,-0.01879,-0.01824,-0.01317,0.09882,0.21545,NaN
1989-07-07 11:30:00,"FOMC Rate Decision (Scheduled)",NaN,NaN,NaN,NaN,-0.02583,-0.03,-0.04,-0.05,-0.03,NaN,-0.0294,-0.02667,-0.01567,0.27878,0.41364,NaN
1989-07-25 11:30:00,"FOMC Rate Decision (Unscheduled)",NaN,NaN,NaN,NaN,NaN,-0.03,-0.05,-0.05,-0.03,NaN,-0.02203,-0.00887,-0.00315,0.06848,0.05907,NaN
1989-07-26 11:30:00,"FOMC Rate Decision (Unscheduled)",NaN,NaN,NaN,NaN,-0.01,-0.02,-0.01,-0.02,-0.01,NaN,-0.01466,-0.00443,-0.00627,0.10164,0.07418,NaN
1989-07-27 11:30:00,"FOMC Rate Decision (Unscheduled)",NaN,NaN,NaN,NaN,NaN,-0.01,-0.01,0,-0.02,NaN,0,0.00441,0.00624,0.26775,0.18977,NaN
1989-08-23 11:30:00,"FOMC Rate Decision (Scheduled)",NaN,NaN,NaN,NaN,0,-0.01,-0.02,-0.01,-0.02,NaN,-0.00751,-0.00908,-0.00321,0.09061,-0.04368,NaN
1989-10-04 11:30:00,"FOMC Rate Decision (Scheduled)",NaN,NaN,NaN,NaN,0.03444,0.01,0.01,0,0,NaN,0.0075,0.00453,0.00319,0.07874,0.05565,NaN
1989-10-16 11:30:00,"FOMC Rate Decision (Unscheduled)",NaN,NaN,NaN,NaN,-0.20667,0.01,0,0.04,0.03,NaN,0,0.01776,0.01548,0.8095,0.96048,NaN
1989-10-19 11:30:00,"FOMC Rate Decision (Scheduled)",NaN,NaN,NaN,NaN,NaN,0.01,0.01,0.01,0.01,NaN,0,-0.00888,-0.0031,0.01446,0.02871,NaN
1989-11-07 11:30:00,"FOMC Rate Decision (Unscheduled)",NaN,NaN,NaN,NaN,-0.10435,-0.07,-0.07,-0.06,-0.05,NaN,-0.04429,-0.03097,-0.0215,0.33369,0.59782,NaN
1989-11-08 11:30:00,"FOMC Rate Decision (Unscheduled)",NaN,NaN,NaN,NaN,NaN,0.01,0.01,0,0,NaN,-0.00367,-0.0044,0,0.02072,-0.05885,NaN
1989-11-09 11:30:00,"FOMC Rate Decision (Unscheduled)",NaN,NaN,NaN,NaN,NaN,0.04,0.04,0.03,0.02,NaN,0.02567,0.01755,0.01828,-0.16261,-0.30871,NaN
1989-11-15 11:30:00,"FOMC Rate Decision (Scheduled)",NaN,NaN,NaN,NaN,-0.02,0.01,0.01,0.01,0,NaN,0.01098,0.00877,0.00913,-0.04727,-0.10283,NaN
1989-12-20 11:30:00,"FOMC Rate Decision (Scheduled)",NaN,NaN,NaN,NaN,-0.16909,-0.04,-0.03,-0.03,-0.02,NaN,-0.0073,0,0.00302,0.3031,0.15819,NaN
1990-02-08 11:30:00,"FOMC Rate Decision (Scheduled)",-0.01,-0.01,-0.02,-0.02,-0.014,0.01,0.02,0,0.01,NaN,0.01134,0.01382,0.01331,-0.1519,-0.28154,NaN
1990-03-28 11:30:00,"FOMC Rate Decision (Scheduled)",0,0,-0.01,-0.02,0,-0.01,-0.03,-0.03,-0.03,NaN,-0.01142,-0.00464,-0.01007,-0.17591,-0.10154,NaN
1990-05-16 11:30:00,"FOMC Rate Decision (Scheduled)",0,0.01,0,0,0,-0.01,-0.02,-0.01,-0.02,NaN,-0.01145,-0.00938,-0.01028,0.05109,0.25427,NaN
1990-07-05 11:30:00,"FOMC Rate Decision (Scheduled)",0,-0.01,0,-0.02,0,0.01,0.01,0.01,0.01,NaN,0.01129,0.00458,0.00661,-0.00841,-0.04165,NaN
1990-07-13 11:30:00,"FOMC Rate Decision (Unscheduled)",-0.07999,-0.06,-0.08,-0.08,-0.13777,-0.03,-0.04,-0.04,-0.03,NaN,-0.01884,0.00461,0.00334,0.0407,-0.10744,NaN
1990-08-22 11:30:00,"FOMC Rate Decision (Scheduled)",0,0.01,0,0,0,0.01,0,0,0,NaN,-0.00761,-0.00952,-0.01441,0.19733,0.07786,NaN
1990-10-03 11:30:00,"FOMC Rate Decision (Scheduled)",0.01,-0.01,-0.04,-0.00999,0.01107,-0.01,0,-0.01,0,NaN,-0.00753,-0.01407,-0.01058,-0.1207,0,NaN
1990-10-29 11:30:00,"FOMC Rate Decision (Unscheduled)",-0.02,-0.03,-0.01,-0.02,-0.03,0.01,0,0.01,0,NaN,0.00749,0.01398,0.01045,-0.52277,-0.53637,NaN
1990-11-14 11:30:00,"FOMC Rate Decision (Scheduled)",0.01,0.02,0.02,0.01,0.01875,0.01,0.01,-0.01,-0.01,NaN,0.00742,0.00914,0.0067,-0.01568,-0.07803,NaN
1990-11-15 11:30:00,"FOMC Rate Decision (Scheduled)",NaN,NaN,NaN,NaN,NaN,0.01,0,0,-0.02,NaN,0.00371,0,0.0067,-0.1537,-0.20292,NaN
1990-11-16 11:30:00,"FOMC Rate Decision (Scheduled)",NaN,NaN,NaN,NaN,NaN,0,0.01,0.01,0,NaN,0.0037,0.00908,0.00331,-0.17373,-0.40926,NaN
1990-12-07 11:30:00,"FOMC Rate Decision (Unscheduled)",-0.07,-0.01,-0.02,-0.04,-0.09042,-0.03,-0.02,-0.02,-0.03,NaN,-0.01464,-0.00893,-0.0064,0.08546,0.16721,NaN
1990-12-18 15:30:00,"FOMC Rate Decision (Scheduled)",-0.09,-0.19,-0.09,-0.15,-0.21462,-0.14,-0.11,-0.09,0.02,NaN,-0.08395,-0.04886,-0.04126,0.71884,0.95045,NaN
1990-12-19 11:30:00,"FOMC Rate Decision (Scheduled)",NaN,NaN,NaN,NaN,NaN,0.03,0.03,0.05,NaN,NaN,0.00365,0,0.00635,0.03332,0.07516,NaN
1991-01-08 11:30:00,"FOMC Rate Decision (Unscheduled)",-0.1,-0.11,-0.06001,-0.1,-0.13478,-0.12,-0.12,-0.09,-0.1,-0.02449,-0.05144,-0.06304,-0.04586,0.36169,0.48769,NaN
1991-02-01 09:15:00,"FOMC Rate Decision (Unscheduled)",-0.028,-0.02,-0.088,-0.08,-0.029036,-0.04,-0.05,-0.05,-0.03,-0.01138,0.01088,0.01323,0.01261,-0.04952,-0.4216,NaN
1991-02-01 11:30:00,"FOMC Rate Decision (Unscheduled)",-0.042,-0.03,-0.132,-0.12,-0.043554,-0.06,-0.03,-0.03,-0.02,-0.013,-0.01814,-0.00883,-0.00631,0.27469,0.24808,NaN
1991-02-07 11:30:00,"FOMC Rate Decision (Scheduled)",0,-0.01,-0.02,-0.01,0,0,-0.01,0,-0.01,0,0,0,0.00936,-0.22618,0,NaN
1991-03-08 11:30:00,"FOMC Rate Decision (Unscheduled)",-0.02,-0.07,-0.06,-0.04,-0.02695,-0.06,-0.09,-0.06,-0.05,0.0049,-0.03319,-0.02706,-0.01636,0.48314,0.18428,NaN
1991-03-27 11:30:00,"FOMC Rate Decision (Scheduled)",0,-0.02,0.01,-0.02,-0.02,-0.01,-0.02,-0.02,-0.09,0,-0.0037,-0.00905,-0.00656,0.12454,0.22335,NaN
1991-04-30 09:30:00,"FOMC Rate Decision (Unscheduled)",0,-0.192,-0.128,-0.202666666666667,-0.192,-0.16,-0.2,-0.18,-0.14,0,-0.09906,-0.06708,-0.04821,0.87611,0.91519,NaN
1991-04-30 11:30:00,"FOMC Rate Decision (Unscheduled)",-0,0.012,0.008,0.0126666666666667,0.012,0.01,0.02,0.03,0.04,-0.00814,0.011,0.00893,0.01283,-0.24202,-0.51693,NaN
1991-05-15 11:30:00,"FOMC Rate Decision (Scheduled)",0.01,0,0,-0.02,0.01938,0,0,0.01,0.01,-0.00325,0.00368,0.00901,0.00983,-0.24255,-0.08057,NaN
1991-07-05 11:30:00,"FOMC Rate Decision (Scheduled)",0,-0.01,0.01,0.01,0,0.02,0.02,0.02,0,0.01639,0.0149,0.02292,0.02699,-0.00533,-0.10592,NaN
1991-08-06 11:30:00,"FOMC Rate Decision (Unscheduled)",-0.15,-0.10001,-0.07,-0.11,-0.186,-0.12,-0.12,-0.11,-0.1,-0.02429,-0.05111,-0.03111,-0.02244,0.36092,0.60759,NaN
1991-08-21 11:30:00,"FOMC Rate Decision (Scheduled)",0.04,0.03,0.04,0.03,0.124,0,0.03,0.03,0.03,0.00483,0.0036,0,0.00314,0.12205,0.01296,NaN
1991-09-13 09:10:00,"FOMC Rate Decision (Unscheduled)",-0.03,0.00999,0,0,-0.05294,-0.01,0,0.01,0,0.02097,0.00359,-0.00433,0.00307,0.11105,-0.12814,NaN
1991-09-13 11:30:00,"FOMC Rate Decision (Unscheduled)",0,-0,-0,-0,0,0,0.01,0.01,0.02,0.00484,0.01078,0.00869,0.00617,-0.13256,0.01291,NaN
1991-10-02 11:30:00,"FOMC Rate Decision (Scheduled)",-0.01,0.01,0,0,-0.01069,0,0,0.01,0,0,0,0.00429,0,-0.04619,-0.06377,NaN
1991-10-30 11:30:00,"FOMC Rate Decision (Unscheduled)",-0.02,-0.03001,-0.03,-0.04,-0.03001,-0.01,-0.01,-0.01,0,0.01118,-0.00706,0.00427,-0.00304,0.02805,0,NaN
1991-11-06 08:45:00,"FOMC Rate Decision (Scheduled)",-0.08,-0.12,-0.09,-0.12,-0.1,-0.08,-0.09,-0.09,-0.09,0.00797,-0.05295,-0.03855,-0.03391,0.06689,-0.11554,NaN
1991-11-06 11:30:00,"FOMC Rate Decision (Scheduled)",0,0,0,0,0,0,0.02,0.02,0.02,-0.00797,0,0.00428,0.00309,0.00771,-0.14102,NaN
1991-12-06 11:30:00,"FOMC Rate Decision (Unscheduled)",0,-0.09,-0.02,-0.01,0,0.01,0.01,0.01,0.03,0.01268,0.00695,0.00841,0.00898,0.0237,0.01315,NaN
1991-12-18 11:30:00,"FOMC Rate Decision (Scheduled)",0.02,0.02,0,0.01,0.04769,0,0.01,0.01,0.07,0.03162,0.00348,0,-0.00298,0.00262,0.03908,NaN
1991-12-20 08:30:00,"FOMC Rate Decision (Unscheduled)",-0.13448275862069,-0.289655172413793,-0.258620689655172,-0.258620689655172,-0.37898275862069,-0.3,-0.3,-0.25,-0.237931034482759,-0.18131,-0.12449,-0.09564,-0.04694,0.31868,1.02194,NaN
1991-12-20 11:30:00,"FOMC Rate Decision (Unscheduled)",0.00448275862068966,0.00965517241379311,0.00862068965517242,0.00862068965517242,0.0126327586206897,0.01,0,0.01,0.00793103448275862,0.01574,0.00345,-0.00414,0,0.02332,-0.02585,NaN
1992-02-06 11:30:00,"FOMC Rate Decision (Scheduled)",0.01,0.01,-0.02,0,0.01261,-0.01,0,0.01,0,0.01263,0.00349,-0.00418,-0.00297,0.03621,0,NaN
1992-04-01 11:30:00,"FOMC Rate Decision (Scheduled)",0.01,-0.00999,0.06,-0.01,0.01035,0.01,0,0,0.02,0.0048,-0.00356,0,-0.00614,-0.14205,-0.07467,NaN
1992-04-09 11:30:00,"FOMC Rate Decision (Unscheduled)",-0.15,-0.2,-0.17001,-0.19,-0.21429,-0.22,-0.25,-0.24,-0.24,-0.1508,-0.09875,-0.04273,-0.03047,0.75332,0.86548,NaN
1992-05-20 11:30:00,"FOMC Rate Decision (Scheduled)",0,0.02,0.03,0.00999,0,0.02,0.02,0.01,0.01,0.03151,0.00348,-0.00419,-0.0149,-0.04802,-0.024,NaN
1992-07-02 09:15:00,"FOMC Rate Decision (Scheduled)",-0.08,-0.09,-0.1,-0.3,-0.08552,0,0.02,0.04,0.04,0.0235,0.02056,0.02473,0.00878,0.22288,-0.03629,NaN
1992-08-19 11:30:00,"FOMC Rate Decision (Scheduled)",0.01,0.01,0.01,0.01,0.02583,-0.01,0.01,-0.01,-0.01,0.01858,0,0,0,0.02617,0.02379,NaN
1992-09-04 11:30:00,"FOMC Rate Decision (Unscheduled)",0,0,-0.01,0.01,0,-0.02,-0.01,0,-0.02,-0.00311,0.00334,0.0119,0.01945,-0.00719,0,NaN
1992-10-07 11:30:00,"FOMC Rate Decision (Scheduled)",0,0.00999,0.00999,0.01,0,0,0,0,0,0.02324,0.01002,0,-0.00571,-0.19372,-0.07365,NaN
1992-11-18 11:30:00,"FOMC Rate Decision (Scheduled)",-0.02,-0.01,0.01,0,-0.04999,0,-0.01,0,0.01,0.01566,0,0.00407,0.00287,0.19022,0.35591,NaN
1992-12-23 11:30:00,"FOMC Rate Decision (Scheduled)",0.00999,0,-0.02,-0.01,0.03873,-0.01,-0.01,-0.01,-0.04,0,-0.00343,0,0,-0.07718,-0.1019,NaN
1993-02-04 11:30:00,"FOMC Rate Decision (Scheduled)",0,-0.02,-0.04,-0.02,0,0,-0.01,0,0,0,0.00669,0.00394,0,-0.05131,-0.07802,NaN
1993-03-24 11:30:00,"FOMC Rate Decision (Scheduled)",-0.01,0,0.01,0,0,0,0,0,0.04,0.01239,0.0033,0.00772,0.00523,-0.0844,-0.14413,NaN
1993-05-19 11:30:00,"FOMC Rate Decision (Scheduled)",-0.01,-0.02,-0.02,-0.02,-0.02583,0,-0.01,-0.02,-0.03,-0.02011,-0.01319,-0.01545,-0.01857,0.16628,0.19366,NaN
1993-07-08 11:30:00,"FOMC Rate Decision (Scheduled)",0.02,0,0,0,0.02696,0,-0.01,0,0,-0.0155,-0.00328,-0.00759,-0.00253,0.31433,0.23544,NaN
1993-08-18 11:30:00,"FOMC Rate Decision (Scheduled)",0,0.02,0.01,0.01,0,0.01,0,0,0,0.01546,0.00654,0.0113,0.00245,-0.05693,-0.09854,NaN
1993-09-22 11:30:00,"FOMC Rate Decision (Scheduled)",0,0,0.01,0.01,0,0,0.01,0.01,-0.02,0.01547,0.0065,0.00747,0.00962,0.0022,-0.01097,NaN
1993-11-17 11:30:00,"FOMC Rate Decision (Scheduled)",0.01,0,0.01,0,0.02308,-0.01,-0.01,-0.01,0,0.00465,-0.00977,-0.01498,-0.00723,0.04721,-0.08583,NaN
1993-12-22 11:30:00,"FOMC Rate Decision (Scheduled)",0,-0.01,-0.01,-0.01,0,0,0,0,-0.08,0,0,0,0.00497,0.01719,-0.03212,NaN
1994-02-04 11:05:00,"FOMC Rate Decision (Scheduled)",0.14,0.10001,0.08,0,0.16333,0.13,0.15,0.14,0.15,0.14319,0.12186,0.0684,0.03211,-0.64105,-0.7626,NaN
1994-03-22 14:20:00,"FOMC Rate Decision (Scheduled)",0,-0.04,-0.04,0,-1e-05,-0.05,-0.05,-0.03,-0.05,-0.03486,-0.06157,-0.04815,-0.04026,0.29613,0.28682,NaN
1994-04-18 10:06:00,"FOMC Rate Decision (Unscheduled)",0.06001,0.08,0.09,0.12,0.15001,0.07,0.09,0.09,0.12,0.06863,0.07701,0.0541,0.03442,-0.68128,-0.78502,NaN
1994-05-17 14:26:00,"FOMC Rate Decision (Scheduled)",0.05,0.05,-0.02,0.05,0.11072,-0.02,-0.06,-0.06,-0.08,-0.06731,-0.09142,-0.07918,-0.08254,0.52219,0.52646,NaN
1994-07-06 14:18:00,"FOMC Rate Decision (Scheduled)",-0.04,0,0,0,-0.0496,-0.02,-0.01,-0.01,-0.01,0.00322,0.00356,0.01275,0.01784,-0.22844,-0.07824,NaN
1994-08-16 13:18:00,"FOMC Rate Decision (Scheduled)",0.06,0.09,0,0,0.12399,0.08,0.04,0.01,0.01,-0.00483,-0.02475,-0.03347,-0.0462,0.25704,0.1836,NaN
1994-09-27 14:18:00,"FOMC Rate Decision (Scheduled)",-0.02,-0.09,-0.05,-0.03,-0.09,-0.02,-0.02,-0.01,0,0.00487,0.02886,0.02604,0.03703,-0.17136,-0.26979,NaN
1994-11-15 14:20:00,"FOMC Rate Decision (Scheduled)",0.06,0.08,0.05,0.08,0.12,0.04,0.03,0.03,0.03,0.00816,-0.00732,-0.01325,-0.03146,-0.44889,-0.91315,NaN
1994-12-20 14:17:00,"FOMC Rate Decision (Scheduled)",-0.08,-0.14,-0.05,-0.05,-0.22546,-0.07,-0.01,0.01,0.02,0.01157,0.00369,0.00882,0.00913,0.10486,0,NaN
1995-02-01 14:15:00,"FOMC Rate Decision (Scheduled)",0.06001,0.03,0.03999,0,0.06223,0.06,0.07,0.06,0.05,0.05245,0.03646,0.02165,0.02082,-0.25438,-0.17962,NaN
1995-03-28 14:15:00,"FOMC Rate Decision (Scheduled)",0.01,-0.01,0.01,0.02,-0.01,0.02,0.02,0.02,0.02,0.01299,0.01427,0.00839,0.00859,-0.15511,-0.08885,NaN
1995-05-23 14:15:00,"FOMC Rate Decision (Scheduled)",0,0.02,0,0,1e-05,-0.01,-0.02,-0.01,-0.01,0.00802,0.00694,0.00401,0.00526,-0.04189,0,NaN
1995-07-06 14:15:00,"FOMC Rate Decision (Scheduled)",-0.09,-0.11,0,-0.15,-0.1116,-0.18,-0.26,-0.25,-0.25,-0.19909,-0.17063,-0.13282,-0.10505,0.2993,0.33528,NaN
1995-08-22 14:15:00,"FOMC Rate Decision (Scheduled)",0.01,0.03001,0.01,0,0.03443,0.05,0.05,0.06,0.04,0.03206,0.03125,0.02409,0.02638,-0.18269,-0.17867,NaN
1995-09-26 14:15:00,"FOMC Rate Decision (Scheduled)",0,0.03001,0.03,0.03,0.03001,0.07,0.07,0.08,0.05,0.04793,0.04122,0.03557,0.02292,-0.16138,-0.28127,NaN
1995-11-15 14:15:00,"FOMC Rate Decision (Scheduled)",0.02,0.02,0.03,0,0.03999,0.04,0.03,0.02,0.02,0.0238,0.02027,0.01543,0.00726,-0.06111,-0.05076,NaN
1995-12-19 14:15:00,"FOMC Rate Decision (Scheduled)",-0.035,-0.07,-0.06,-0.05,-0.09041,-0.05,-0.03,-0.03,-0.04,-0.04431,-0.02348,-0.02668,-0.01901,0.25709,0.26922,NaN
1996-01-31 14:15:00,"FOMC Rate Decision (Scheduled)",0,-0.03,-0.01,-0.02,-0.03,-0.02,-0.04,-0.05,-0.05,-0.04241,-0.03308,-0.01869,-0.00695,0.05541,0.05523,NaN
1996-03-26 11:39:00,"FOMC Rate Decision (Scheduled)",0,0.02,0.01,-0.01,0.02,0.01,0.02,0.02,0.03,0.03189,0.01714,0.01582,0.01283,0.15989,0.09139,NaN
1996-05-21 14:15:00,"FOMC Rate Decision (Scheduled)",0.005,-0.005,0.01,0.01,0.0155,-0.01,0.02,0.01,0.02,0.01281,0.01734,0.01211,0.01593,-0.19289,-0.2515,NaN
1996-07-03 14:15:00,"FOMC Rate Decision (Scheduled)",-0.06,-0.04,-0.04,-0.03,-0.06643,-0.05,-0.02,-0.01,-0.01,-0.02413,-0.01048,-0.00407,0.00268,0.1534,0.05908,NaN
1996-08-20 14:15:00,"FOMC Rate Decision (Scheduled)",-0.0175,-0.01,0,0.005,-0.04932,-0.01,-0.01,0.02,0.01,0.0048,0.00692,0.01199,0.01047,-0.1306,-0.05991,NaN
1996-09-24 14:15:00,"FOMC Rate Decision (Scheduled)",-0.025,-0.13,-0.13,-0.12,-0.13,-0.09,-0.09,-0.08,-0.07,-0.05631,-0.05247,-0.02853,-0.01618,0.00873,-0.06494,NaN
1996-11-13 14:15:00,"FOMC Rate Decision (Scheduled)",0,0,0,-0.01,0,-0.01,-0.02,-0.01,-0.02,-0.01115,-0.01365,-0.01174,-0.01998,0.25457,0.28636,NaN
1996-12-17 14:15:00,"FOMC Rate Decision (Scheduled)",0,0.01,0,-0.01,0,-0.01,-0.01,0,0,0.02398,0.00345,0.00794,0.00256,-0.06073,-0.16391,NaN
1997-02-05 14:15:00,"FOMC Rate Decision (Scheduled)",-0.025,0,-0.01,0,-0.03043,-0.02,0,0.01,0.02,0.01278,0.01723,0.01587,0.02317,-0.30367,-0.35273,NaN
1997-03-25 14:15:00,"FOMC Rate Decision (Scheduled)",0.0175,0.05,0.035,0.05,0.05,0.0425,0.0575,0.0575,0.055,0.07258,0.0526,0.04082,0.04016,-0.45395,-0.49969,NaN
1997-05-20 14:15:00,"FOMC Rate Decision (Scheduled)",-0.035,-0.09,-0.06,-0.09,-0.09864,-0.07,-0.055,-0.05,-0.0425,-0.03699,-0.02096,-0.01217,0.00265,0.48372,0.41779,NaN
1997-07-02 14:15:00,"FOMC Rate Decision (Scheduled)",-0.025,-0.015,-0.02,-0.02,-0.02672,-0.005,0,-0.005,0,-0.01283,-0.00693,-0.004,-0.00774,0.1788,0.19931,NaN
1997-08-19 14:15:00,"FOMC Rate Decision (Scheduled)",0,0,0.005,0,0,-0.005,0.005,0.01,0.01,0.00798,0.01372,0.01184,0.01506,-0.37221,-0.48649,NaN
1997-09-30 14:13:00,"FOMC Rate Decision (Scheduled)",-0.005,-0.015,0,-0.015,-0.015,-0.005,-0.01,-0.005,0,-0.00479,0.00342,0.00786,0.00743,-0.19196,-0.25975,NaN
1997-11-12 14:12:00,"FOMC Rate Decision (Scheduled)",-0.03,-0.02,-0.025,-0.02,-0.05,-0.03,-0.03,-0.0275,-0.03,-0.01594,-0.02382,-0.01551,-0.01678,-0.3511,-0.49957,NaN
1997-12-16 14:15:00,"FOMC Rate Decision (Scheduled)",0.005,0,0,0,0.01033,-0.005,-0.01,-0.01,-0.005,-0.00796,-0.00339,-0.00385,-0.00468,-0.08456,-0.17323,NaN
1998-02-04 14:12:00,"FOMC Rate Decision (Scheduled)",0.03,0.005,0.005,0.01,0.035,0.015,0.015,0.02,0.025,0.01266,0.01,0.00757,0.0023,-0.19164,-0.30652,NaN
1998-03-31 14:12:00,"FOMC Rate Decision (Scheduled)",-0.005,-0.0075,-0.01,-0.005,-0.0075,0,0,0.005,0.005,0,0,0.00384,0.00467,-0.13567,-0.05374,NaN
1998-05-19 14:15:00,"FOMC Rate Decision (Scheduled)",-0.015,-0.03,-0.02,-0.02,-0.03875,-0.025,-0.015,-0.01,-0.01,-0.0159,-0.01012,-0.00383,0,-0.12953,-0.24192,0.22619
1998-07-01 14:15:00,"FOMC Rate Decision (Scheduled)",0.01,-0.02,-0.01,0.00999,0.01033,-0.015,-0.03,-0.0325,-0.03,0.00476,0.00334,0,0,0.02716,0.08682,-0.21109
1998-08-18 14:12:00,"FOMC Rate Decision (Scheduled)",0.005,-0.005,0.01,0.02,0.01192,0.00625,-0.0025,-0.0025,0,-0.00476,0,0,0,0.04839,0.15457,0
1998-09-29 14:15:00,"FOMC Rate Decision (Scheduled)",-0.0025,0.06,0.06,0.07,0.06,0.055,0.0025,0.015,0.0125,0.0078,0.0032,-0.00353,-0.01051,-0.6975,-1.01389,0.08927
1998-10-15 15:15:00,"FOMC Rate Decision (Unscheduled)",-0.085,-0.185,-0.14,-0.15,-0.16469,-0.165,-0.1725,-0.1975,-0.1875,-0.217,-0.18722,-0.11969,-0.05084,2.09497,2.12158,0
1998-11-17 14:15:00,"FOMC Rate Decision (Scheduled)",-0.03,-0.03,-0.05,-0.04,-0.06923,-0.03875,-0.0375,-0.0025,-0.0025,0.02657,-0.00323,-0.00359,-0.00432,0.63962,0.59618,0.10168
1998-12-22 14:15:00,"FOMC Rate Decision (Scheduled)",-0.01,0,0,0.01,-0.03444,0.01,-0.005,-0.01,-0.005,0,0.00322,0.00357,-0.00644,-0.1237,-0.13973,0.00426
1999-02-03 14:15:00,"FOMC Rate Decision (Scheduled)",0.005,-0.02,0.01,0.01,0.0056,-0.005,0.005,0.01,0.0125,0.01567,0.013,0.01447,0.01535,0.17015,0.19604,0.00884
1999-03-30 14:15:00,"FOMC Rate Decision (Scheduled)",0,-0.005,-0.01,-0.02,-0.005,-0.015,-0.025,-0.025,-0.0325,-0.03939,-0.01314,-0.00747,-0.00465,-0.16838,-0.17466,0.00933
1999-05-18 14:15:00,"FOMC Rate Decision (Scheduled)",-0.01,-0.015,0.03,0.04,-0.02385,0.0275,0.1125,0.145,0.15,0.10771,0.11032,0.08806,0.07223,-1.38561,-1.45661,0.10758
1999-06-30 14:15:00,"FOMC Rate Decision (Scheduled)",-0.005,-0.05,-0.06,-0.07,-0.05,-0.09,-0.1025,-0.1075,-0.1175,-0.09249,-0.11855,-0.06651,-0.0445,1.60132,1.72134,0.34882
1999-08-24 14:15:00,"FOMC Rate Decision (Scheduled)",0.015,0.0425,0.01,0.025,0.0425,0.01,-0.005,-0.005,-0.02,0,-0.01685,-0.0117,-0.00741,0.59237,0.60613,-0.30949
1999-10-05 14:15:00,"FOMC Rate Decision (Scheduled)",-0.04,-0.025,0,0.04,-0.04769,0.035,0.0675,0.1,0.095,0.07665,0.08506,0.05934,0.0561,-0.81193,-0.87072,0.3223
1999-11-16 14:15:00,"FOMC Rate Decision (Scheduled)",0.035,0.085,0.085,0.055,0.075,0.065,0.07,0.07,0.0625,0.07984,0.05086,0.03523,0.03234,-0.32364,-0.35336,0.09698
1999-12-21 14:15:00,"FOMC Rate Decision (Scheduled)",0.005,-0.01,0,-0.005,0.0155,0.01,0.05,0.035,0.045,0.0416,0.03362,0.03824,0.05073,0.48527,0.44944,0.02478
2000-02-02 14:15:00,"FOMC Rate Decision (Scheduled)",-0.055,-0.04,-0.015,0.01,-0.05907,-0.025,-0.01,0.005,0.015,0.03642,0.04045,0.03456,0.00288,-0.3357,-0.31707,0.05623
2000-03-21 14:15:00,"FOMC Rate Decision (Scheduled)",-0.01,-0.025,0,-0.01,-0.031,-0.005,-0.005,0.0025,0.005,0.01156,0.01455,-0.00422,-0.01102,-0.03942,0.10062,0.07769
2000-05-16 14:15:00,"FOMC Rate Decision (Scheduled)",0.02,0.05,0.05,0.055,0.04133,0.04875,0.055,0.055,0.0475,0.0498,0.05149,0.02574,0.00283,-0.64349,-0.68027,0.11041
2000-06-28 14:15:00,"FOMC Rate Decision (Scheduled)",0,-0.02,-0.02,-0.015,-0.02,-0.02,-0.035,-0.04,-0.0425,-0.04125,-0.02169,-0.01046,-0.00827,0.26977,0.26972,0.11646
2000-08-22 14:15:00,"FOMC Rate Decision (Scheduled)",0.005,-0.005,0,0.11,0.01722,-0.005,0.015,0.025,0.025,0.00328,0.01072,0.00819,0.01051,-0.15955,-0.17883,0.06682
2000-10-03 14:15:00,"FOMC Rate Decision (Scheduled)",0,0,0.0075,0.02,0,0.025,0.0375,0.045,0.06,0.04082,0.04247,0.03059,0.01081,-0.22039,-0.27211,-0.25147
2000-11-15 14:15:00,"FOMC Rate Decision (Scheduled)",-0.005,0,0.005,0.0025,-0.01,0.00875,0.015,0.01,0.005,0,-0.01409,-0.01207,-0.02352,-0.6872,-0.78769,-0.11673
2000-12-19 14:15:00,"FOMC Rate Decision (Scheduled)",0.025,0.04,0.015,0.005,0.06458,0.03,0.025,0.01,0,0.01611,0.01721,0.01551,0.02231,-0.56081,-0.58845,0.1122
2001-01-03 13:15:00,"FOMC Rate Decision (Unscheduled)",-0.35,-0.185,-0.155,-0.17,-0.3875,-0.1175,-0.1325,-0.0925,-0.0575,0.024,0.07157,0.07263,0.08062,4.51038,4.55309,-0.42445
2001-01-31 14:15:00,"FOMC Rate Decision (Scheduled)",0,0.03,0.03,0.01,0.03,0.03,-0.0075,-0.0325,-0.045,0.00798,0.00682,0.0077,0.00499,-0.51737,-0.43447,0.20371
2001-03-20 14:15:00,"FOMC Rate Decision (Scheduled)",0.02,0.025,-0.005,-0.07,0.05636,-0.045,-0.0725,-0.0875,-0.09,-0.05551,-0.03354,-0.01893,-0.01209,-0.60045,-0.59072,0
2001-04-18 10:55:00,"FOMC Rate Decision (Unscheduled)",-0.185,0.505,-0.445,-0.44,-0.4625,-0.4825,-0.46,-0.4425,-0.3825,-0.15427,-0.12903,-0.04274,-0.00773,2.32456,2.41875,0.99972
2001-05-15 14:15:00,"FOMC Rate Decision (Scheduled)",-0.05,-0.085,-0.12,-0.12,-0.09687,-0.11,-0.1375,-0.1275,-0.1525,-0.08732,-0.06154,-0.02751,0.01324,0.37291,0.45467,-0.13657
2001-06-27 14:12:00,"FOMC Rate Decision (Scheduled)",0.015,0.1,0.085,0.075,0.1,0.0775,0.0675,0.0775,0.0575,0.06336,0.02724,0.00971,0.00256,-0.52379,-0.45091,-0.08123
2001-08-21 14:15:00,"FOMC Rate Decision (Scheduled)",0.015,0.0125,-0.02,0.015,0.0465,-0.00375,-0.06,-0.255,-0.1225,-0.02359,-0.0134,0,0,-0.6934,-0.73012,0.69416
2001-09-17 08:20:00,"FOMC Rate Decision (Unscheduled)",-0.095,-0.1125,-0.1075,-0.045,-0.21923,NaN,-0.0325,-0.05,-0.02,NaN,NaN,NaN,NaN,NaN,NaN,-0.09173
2001-10-02 14:15:00,"FOMC Rate Decision (Scheduled)",-0.03,-0.045,-0.045,-0.04,-0.03207,-0.0575,-0.06,-0.0625,-0.0625,-0.03873,-0.02284,0.00184,0.01205,-0.35196,-0.33565,0.15812
2001-11-06 14:20:00,"FOMC Rate Decision (Scheduled)",-0.11,-0.135,-0.135,-0.145,-0.1375,-0.1625,-0.1525,-0.1625,-0.1675,-0.09222,-0.06753,-0.03594,0.00459,0.6426,0.60846,-0.06681
2001-12-11 14:14:00,"FOMC Rate Decision (Scheduled)",-0.005,0,-0.03,-0.035,-0.00775,-0.0225,-0.0625,-0.1025,-0.0975,-0.07028,-0.0603,-0.03848,-0.0207,0.26526,0.32276,0.08417
2002-01-30 14:15:00,"FOMC Rate Decision (Scheduled)",0,0.0175,0.02,0.025,0.0175,0.0225,0.02,0.025,0.025,0.00777,-0.00332,-0.00759,-0.01006,-0.03735,-0.02733,-0.04636
2002-03-19 14:15:00,"FOMC Rate Decision (Scheduled)",-0.0125,-0.02,-0.035,-0.04,-0.03229,-0.055,-0.07,-0.0825,-0.0775,-0.0505,-0.05441,-0.03928,-0.02378,-0.33914,-0.38345,0.06804
2002-05-07 14:15:00,"FOMC Rate Decision (Scheduled)",0.005,0.0075,0,-0.02,0.00646,-0.015,-0.03,-0.055,-0.0375,-0.02801,-0.01995,-0.01526,-0.01521,-0.29932,-0.31254,0.12575
2002-06-26 14:15:00,"FOMC Rate Decision (Scheduled)",-0.0025,0.005,0.005,0,0.005,0.015,0.01,0,0.01,0,0.00982,0.0093,0.00248,-0.48238,-0.52165,0.16194
2002-08-13 14:15:00,"FOMC Rate Decision (Scheduled)",0.02,0.025,-0.015,-0.04,0.03444,-0.0225,-0.0725,-0.16,-0.1875,-0.09914,-0.06299,-0.05655,-0.03937,-0.60374,-0.6289,0.10194
2002-09-24 14:15:00,"FOMC Rate Decision (Scheduled)",0.0125,0.02,0.005,-0.005,0.02,-0.0025,-0.005,-0.0225,-0.0375,-0.01521,-0.02473,-0.01721,-0.00438,-1.01173,-1.00711,0.17331
2002-11-06 14:14:00,"FOMC Rate Decision (Scheduled)",-0.165,-0.135,-0.1075,-0.075,-0.20625,-0.085,-0.055,-0.0725,-0.07,-0.04552,-0.06226,-0.03672,-0.03229,-0.53662,-0.52695,0.47525
2002-12-10 14:15:00,"FOMC Rate Decision (Scheduled)",0,0,0.0075,0.005,0,-0.00125,0.01,0.03,0.0325,0.01526,0.01264,0.01063,0.00921,-0.2987,-0.27761,0.03964
2003-01-29 14:16:00,"FOMC Rate Decision (Scheduled)",0,0.0075,0.015,0.025,0.0075,0.0325,0.04,0.0575,0.0525,0.04548,0.04702,0.02981,0.03872,0.15934,0.17467,-0.08307
2003-03-18 14:15:00,"FOMC Rate Decision (Scheduled)",0.01,0.0125,-0.005,-0.0075,0.02385,0.02,-0.005,0.0025,0.025,-0.01519,-0.0125,-0.01744,-0.00896,-0.43291,-0.46485,0.04236
2003-05-06 14:13:00,"FOMC Rate Decision (Scheduled)",0.0125,0.015,-0.025,-0.05,0.0155,-0.0275,-0.075,-0.12,-0.145,-0.09818,-0.08047,-0.04842,-0.0286,0.12916,0.12818,0.25921
2003-06-25 14:15:00,"FOMC Rate Decision (Scheduled)",0.025,0.1325,0.115,0.105,0.1325,0.105,0.1175,0.135,0.13,0.07214,0.05147,0.0333,0.0062,-0.20488,-0.18285,-0.22882
2003-08-12 14:15:00,"FOMC Rate Decision (Scheduled)",0.0025,0.0025,-0.0025,-0.005,0.00408,-0.005,-0.0175,-0.045,-0.085,-0.04552,-0.05025,-0.03744,-0.02154,-0.07643,-0.051,0.16793
2003-09-16 14:19:00,"FOMC Rate Decision (Scheduled)",-0.0025,-0,0.0025,-0.0025,-0.00536,-0.0025,-0.0025,-0.0025,-0.0025,-0.01138,-0.01574,-0.0107,-0.00714,0.09982,0.10783,0.0358
2003-10-28 14:15:00,"FOMC Rate Decision (Scheduled)",0,-0.0025,0,-0.005,-0.0025,-0.025,-0.085,-0.125,-0.13,-0.11775,-0.12256,-0.08687,-0.07016,-0.0135,-0.02896,0.3164
2003-12-09 14:15:00,"FOMC Rate Decision (Scheduled)",-0.0025,0,-0.005,0.005,-0.00352,-0.00375,0,0.0475,0.075,0.0726,0.10169,0.09313,0.09158,-0.11632,-0.12197,0.10624
2004-01-28 14:15:00,"FOMC Rate Decision (Scheduled)",0,0,0.0075,0.0075,0,0.025,0.11,0.185,0.2375,0.20112,0.23199,0.15835,0.13003,-0.91791,-0.91989,-1.18208
2004-03-16 14:15:00,"FOMC Rate Decision (Scheduled)",0,0,0,-0.0075,0,-0.0225,-0.0575,-0.085,-0.1,-0.07952,-0.08358,-0.06341,-0.04966,-0.05315,-0.03607,-0.08563
2004-05-04 14:15:00,"FOMC Rate Decision (Scheduled)",-0.0075,-0.01,-0.0025,0.005,-0.00861,0,0.0025,0.01,0.015,0.00383,0.01927,0.01997,0.03601,0.36501,0.35826,0.0207
2004-06-30 14:15:00,"FOMC Rate Decision (Scheduled)",0,-0.0075,-0.02,-0.03,-0.0075,-0.04,-0.03,-0.025,-0.02,-0.00388,0.00325,0.01287,0.0145,0.26758,0.23771,0.07802
2004-08-10 14:15:00,"FOMC Rate Decision (Scheduled)",0.01,0.015,0.035,0.0475,0.01476,0.035,0.045,0.05,0.05,0.04614,0.03508,0.01959,0.01147,-0.30232,-0.32681,-0.30121
2004-09-21 14:15:00,"FOMC Rate Decision (Scheduled)",0,-0.005,-0.0025,0,0,-0.02,-0.02,-0.015,-0.025,-0.0154,-0.02857,-0.02821,-0.03346,0.0293,0.00888,0.39433
2004-11-10 14:15:00,"FOMC Rate Decision (Scheduled)",0,0,0,-0.01,0,-0.01,-0.025,-0.035,-0.05,-0.03481,-0.03519,-0.02497,-0.02264,0.1175,0.14569,0.08149
2004-12-14 14:15:00,"FOMC Rate Decision (Scheduled)",0,0,-0.005,-0.01,0,-0.005,-0.015,-0.02,-0.015,-0.01166,-0.00964,-0.01422,-0.01558,0.06497,-0.03324,0.13911
2005-02-02 14:15:00,"FOMC Rate Decision (Scheduled)",-0.005,0,-0.005,-0.005,-0.00538,-0.005,-0.01,-0.02,-0.02,-0.0117,-0.01616,-0.01603,-0.01963,0.01929,0.01678,0.07288
2005-03-22 14:15:00,"FOMC Rate Decision (Scheduled)",0,-0.005,0.005,0.015,0,0.03,0.075,0.09,0.105,0.0827,0.1158,0.09784,0.09441,-0.33953,-0.36112,-0.42911
2005-05-03 14:15:00,"FOMC Rate Decision (Scheduled)",0,0,0.005,0.015,0,0.015,0.025,0.035,0.035,0.0314,0.02606,0.01257,0.00872,0.15831,0.38635,-0.12422
2005-05-03 16:00:00,"Correction of FOMC statement, adding the omitted sentence ""Longer-term inflation expectations remain well contained"" (event highlighted by McMahon and Munday, 2022)",0,0,0,-0.0025,0,-0.01,-0.025,-0.03,-0.03,-0.02748,-0.03257,-0.02693,-0.02177,0.46269,0.55917,0.066
2005-06-30 14:15:00,"FOMC Rate Decision (Scheduled)",0,0,0.01,0.02,0,0.04,0.06,0.055,0.06,0.04318,0.02596,0.0088,-0.00209,-0.41325,-0.44095,-0.08276
2005-08-09 14:15:00,"FOMC Rate Decision (Scheduled)",0,0,-0.01,-0.01,0,-0.01,-0.0225,-0.025,-0.025,-0.01979,-0.02321,-0.01823,-0.01761,0.21427,0.20262,0.2104
2005-09-20 14:15:00,"FOMC Rate Decision (Scheduled)",0.01,0.0325,0.04,0.0325,0.03,0.03,0.015,0.015,0.015,0.01579,0.00657,-0.00543,-0.03484,-0.15015,-0.12921,-0.23044
2005-11-01 14:15:00,"FOMC Rate Decision (Scheduled)",0,-0.0025,0.0025,-0.0025,0,0,0.01,0.01,0.01,0.01193,0.00669,0.00371,-0.00226,0.2192,0.22367,-0.06249
2005-12-13 14:15:00,"FOMC Rate Decision (Scheduled)",0,0,-0.005,-0.005,0,-0.0025,-0.025,-0.04,-0.045,-0.02785,-0.02676,-0.01856,-0.01129,0.52662,0.51047,0.24272
2006-01-31 14:14:00,"FOMC Rate Decision (Scheduled)",0,0.005,0.005,0.02,0.005,0.03,0.03,0.03,0.04,0.03583,0.03683,0.03152,0.02459,-0.22803,-0.23364,-0.37037
2006-03-28 14:15:00,"FOMC Rate Decision (Scheduled)",0,0.005,0.02,0.0275,0.005,0.03,0.045,0.055,0.06,0.04797,0.05076,0.03773,0.02996,-0.62108,-0.64888,-0.39037
2006-05-10 14:15:00,"FOMC Rate Decision (Scheduled)",0,0.005,0.0275,0.035,0,0.04,0.05,0.065,0.06,0.05615,0.05123,0.03843,0.02892,-0.19309,-0.15852,-0.043
2006-06-29 14:15:00,"FOMC Rate Decision (Scheduled)",0,-0.015,-0.02,-0.03,-0.015,-0.04,-0.05,-0.045,-0.04,-0.04029,-0.03786,-0.01552,-0.00487,0.54151,0.53603,0.81078
2006-08-08 14:15:00,"FOMC Rate Decision (Scheduled)",-0.03,-0.04,-0.035,-0.04,-0.04043,-0.035,-0.035,-0.03,-0.03,-0.02805,-0.01696,-0.00569,0.00934,-0.2469,-0.24218,0.12067
2006-09-20 14:15:00,"FOMC Rate Decision (Scheduled)",0,0,0,0,0,0.01,0.025,0.025,0.025,0.01998,0.02022,0.01124,0.00456,-0.26777,-0.28435,-0.10233
2006-10-25 14:15:00,"FOMC Rate Decision (Scheduled)",0,-0.005,-0.005,-0.005,-0.005,-0.005,-0.01,-0.01,-0.015,-0.004,-0.01353,-0.01507,-0.01836,-0.07474,-0.07226,0.11912
2006-12-12 14:15:00,"FOMC Rate Decision (Scheduled)",-0.0025,0,-0.005,-0.01,-0.00408,-0.005,-0.015,-0.05,-0.06,-0.04778,-0.04005,-0.02766,-0.02428,0.26109,0.18988,0.39603
2007-01-31 14:15:00,"FOMC Rate Decision (Scheduled)",0,0,0,0,0,-0.005,-0.005,-0.01,-0.02,-0.00802,-0.00339,-0.01135,-0.01156,0.4816,0.48713,0.10754
2007-03-21 14:15:00,"FOMC Rate Decision (Scheduled)",-0.0025,0,-0.0075,-0.015,-0.00775,-0.045,-0.095,-0.115,-0.12,-0.08357,-0.06675,-0.04624,-0.03808,0.81634,0.83145,0.47622
2007-05-09 14:15:00,"FOMC Rate Decision (Scheduled)",0,0.005,0,0.01,0,0.01,0.03,0.055,0.06,0.03991,0.03689,0.02047,0.01587,-0.13457,-0.13214,-0.14401
2007-06-28 14:15:00,"FOMC Rate Decision (Scheduled)",0.0025,0,0,0,0,0.005,0.005,0.02,0.0275,0.01603,0.01365,0.00768,0.00719,-0.27362,-0.27603,-0.03717
2007-08-07 14:15:00,"FOMC Rate Decision (Scheduled)",0.005,0.005,0.01,0.0025,0.00646,0,-0.02,-0.035,-0.045,-0.03979,-0.02682,-0.01122,-0.0023,-1.07689,-1.00517,0.07997
2007-08-10 09:15:00,"FOMC statement: The Federal Reserve is providing liquidity to facilitate the orderly functioning of financial markets",0.0075,0.005,0.0025,-0.005,0.01107,0.01,-0.005,-0.005,-0.005,0.00398,-0.01006,-0.01122,-0.00931,-1.18487,-0.0208,-0.02559
2007-08-17 08:15:00,"FOMC statement, Federal Reserve Board discount rate action",0.015,0.0275,0.035,-0.0225,0.03321,-0.055,-0.055,-0.0325,-0.03,-0.00792,0.01993,0.02961,0.04159,1.00788,2.37716,0.27814
2007-09-18 14:15:00,"FOMC Rate Decision (Scheduled)",-0.085,-0.1825,-0.1525,-0.1575,-0.2125,-0.18,-0.19,-0.175,-0.16,-0.1184,-0.04959,-0.01831,0.02019,1.32029,1.33786,0.5028
2007-10-31 14:15:00,"FOMC Rate Decision (Scheduled)",0,-0.025,0.0125,0.0225,-0.025,0.02,0.06,0.075,0.085,0.07081,0.06248,0.03457,0.03345,-0.41526,-0.43398,-0.00692
2007-12-11 14:15:00,"FOMC Rate Decision (Scheduled)",0.025,0.045,0.0325,0.03,0.03875,0.1825,0.125,0.015,-0.0575,-0.13974,-0.11216,-0.07583,-0.05603,-1.76769,-1.74159,-0.19055
2008-01-22 08:20:00,"FOMC Rate Decision (Unscheduled)",-0.135,-0.245,-0.1925,-0.1225,-0.465,-0.13,-0.105,-0.05,-0.0225,0.03813,0.05573,0.04386,0.06355,NaN,1.51989,0.43676
2008-01-30 14:15:00,"FOMC Rate Decision (Scheduled)",0,-0.1075,-0.105,-0.12,-0.1075,-0.14,-0.12,-0.1,-0.07,-0.03829,0,0.01027,0.01674,0.81482,0.80616,0.47532
2008-03-11 08:30:00,"FOMC statement: Federal Reserve and other central banks announce specific measures designed to address liquidity pressures in funding markets",0.04,0.045,0.065,0.07,0.062,0.03375,0.09,0.1,0.115,0.11776,0.12366,0.08617,0.06552,1.41888,1.78583,-0.60013
2008-03-18 14:15:00,"FOMC Rate Decision (Scheduled)",0.04,0.115,0.085,0.0875,0.09538,0.0475,0.025,0.015,0.01,0,-0.01072,-0.01986,-0.02368,-0.94124,-0.95548,-0.1331
2008-04-30 14:15:00,"FOMC Rate Decision (Scheduled)",-0.0025,-0.06,-0.065,-0.065,-0.06,-0.06,-0.085,-0.075,-0.055,-0.0192,-0.00316,-0.00173,0.00107,0.16293,0.12858,0.25671
2008-06-25 14:15:00,"FOMC Rate Decision (Scheduled)",-0.005,-0.015,-0.035,-0.04,-0.015,-0.065,-0.05,-0.045,-0.075,-0.08147,-0.04516,-0.02486,-0.01435,0.03392,0.03764,0.3843
2008-08-05 14:15:00,"FOMC Rate Decision (Scheduled)",-0.00375,-0.01,-0.0175,-0.03,-0.00447,-0.02,-0.035,-0.035,-0.045,-0.01538,-0.00475,0.00694,0.01298,0.13432,0.14928,-0.00323
2008-09-16 14:15:00,"FOMC Rate Decision (Scheduled)",0.04875,0.1075,0.125,0.1125,0.10446,0.14,0.095,0.0725,0.07,0.09871,0.07242,0.03514,0.02406,-0.62947,-0.46189,-0.22644
2008-10-08 07:00:00,"FOMC Rate Decision (Unscheduled)",-0.095,-0.025,-0.035,-0.0175,-0.12804,0.02,-0.015,-0.01,-0.0075,0.0416,0.04153,0.04576,0.05326,NaN,NaN,0.54191
2008-10-29 14:17:00,"FOMC Rate Decision (Scheduled)",-0.0075,-0.0475,-0.0525,-0.0725,-0.0475,-0.0125,-0.05,-0.075,-0.095,-0.04158,-0.04175,-0.05038,-0.02042,-1.12724,-1.38521,-0.74099
2008-11-25 08:15:00,"Federal Reserve announces it will initiate a program to purchase the direct obligations of housing-related government-sponsored enterprises and mortgage-backed securities backed by Fannie Mae, Freddie Mac, and Ginnie Mae. Federal Reserve announces the creation of the Term Asset-Backed Securities Loan Facility (TALF)",0.0025,-0.005,-0.005,-0.0025,-0.005,-0.0875,-0.125,-0.135,-0.1225,-0.015,-0.01785,-0.01639,-0.03843,1.64061,2.7155,0.73084
2008-12-16 14:15:00,"FOMC Rate Decision (Scheduled)",-0.0675,-0.185,-0.165,-0.18,-0.1395,-0.25,-0.245,-0.245,-0.245,-0.12011,-0.16323,-0.12311,-0.03823,1.59331,1.57373,1.29383
2009-01-28 14:15:00,"FOMC Rate Decision (Scheduled)",0,0,0.005,0,0,0,-0.01,-0.015,-0.02,-0.00748,0.01475,0.0111,0.01488,-0.1973,-0.23025,-0.86397
2009-03-18 14:15:00,"FOMC Rate Decision (Scheduled)",-0.00125,-0.005,-0.005,-0.0125,-0.00298,-0.055,-0.075,-0.085,-0.08,-0.07502,-0.17585,-0.30127,-0.31931,1.80819,1.86326,2.06753
2009-04-29 14:15:00,"FOMC Rate Decision (Scheduled)",0,-0.0025,0,0,-0.0025,0.005,0.01,0.025,0.04,0.02997,0.05842,0.06185,0.06569,0.62292,0.65715,-0.35316
2009-06-24 14:15:00,"FOMC Rate Decision (Scheduled)",0,0.005,0.0075,0.005,0.005,0.01,0.035,0.05,0.07,0.04905,0.09091,0.08447,0.07444,-0.6802,-0.63907,-0.60562
2009-08-12 14:15:00,"FOMC Rate Decision (Scheduled)",0,0,0,0,0,0,-0.015,-0.025,-0.02,-0.0113,0.01535,0.01544,0.02135,-0.26438,-0.29869,-0.5782
2009-09-23 14:15:00,"FOMC Rate Decision (Scheduled)",0,-0.0075,-0.015,-0.015,-0.0075,-0.05,-0.1,-0.12,-0.13,-0.0902,-0.08374,-0.06104,-0.06233,0.52867,0.51336,0.31075
2009-11-04 14:15:00,"FOMC Rate Decision (Scheduled)",-0.0025,-0.005,-0.0075,-0.0125,-0.00288,-0.01,-0.02,-0.03,-0.04,-0.0337,-0.00151,0.02021,0.03145,0.08621,0.095,0.0909
2009-12-16 14:15:00,"FOMC Rate Decision (Scheduled)",-0.00875,-0.01,-0.005,-0.0025,-0.01808,-0.005,-0.005,0.01,0.02,0.0075,0.03035,0.02872,0.02739,-0.05211,-0.06766,-0.18239
2010-01-27 14:15:00,"FOMC Rate Decision (Scheduled)",0,0,-0.005,0.005,0,-0.005,0.01,0.04,0.065,0.0561,0.0484,0.03198,0.01883,0.09656,0.09228,-0.24597
2010-03-16 14:15:00,"FOMC Rate Decision (Scheduled)",-0.0025,-0.01,-0.01,-0.0075,-0.00517,-0.015,-0.035,-0.05,-0.055,-0.04128,-0.03955,-0.02706,-0.00843,0.19305,0.19561,0.16376
2010-04-28 14:15:00,"FOMC Rate Decision (Scheduled)",0,0,-0.005,-0.005,0,-0.005,-0.0075,-0.01,-0.005,-0.00375,0.01068,0.00848,0.00845,0.16698,0.1683,0.23913
2010-06-23 14:15:00,"FOMC Rate Decision (Scheduled)",0,0.005,0,-0.0025,0.005,0.005,0.005,0.005,0.005,-0.00745,-0.00597,-0.00489,-0.0039,0.34692,0.29796,0.39826
2010-08-10 14:15:00,"FOMC Rate Decision (Scheduled)",0.0025,0.0025,0.0025,0.005,0.00369,-0.01,-0.02,-0.03,-0.035,-0.01115,-0.0452,-0.05672,-0.05006,0.68052,0.73842,0.76739
2010-09-21 14:15:00,"FOMC Rate Decision (Scheduled)",0.0025,0.005,0,0,0.00833,0,-0.01,-0.01,-0.01,-0.01485,-0.0204,-0.01574,-0.00183,0.59361,0.59354,0.74324
2010-11-03 14:15:00,"FOMC Rate Decision (Scheduled)",0.0075,0.0075,0.005,0.005,0.00833,0.005,-0.005,-0.005,-0.01,-0.0037,-0.04314,0.00929,0.11159,-0.30103,-0.33723,-0.13522
2010-12-14 14:15:00,"FOMC Rate Decision (Scheduled)",0,0,0,0,0,0.005,-0.005,-0.005,-0.01,-0.0149,-0.00149,0,0.00819,0.01285,0,-0.07454
2011-01-26 14:15:00,"FOMC Rate Decision (Scheduled)",-0.00125,0,0,0,0,0,0,-0.015,-0.02,-0.02605,-0.01042,0.00329,0.02054,-0.08019,-0.05797,0.01829
2011-03-15 14:15:00,"FOMC Rate Decision (Scheduled)",0,0,0,0,0,-0.005,0,0.01,0.02,0.02977,0.03865,0.02621,0.01212,0.27359,0.25505,-0.00358
2011-04-27 12:30:00,"FOMC Rate Decision (Scheduled)",0,0,-0.005,0,0,-0.005,-0.005,-0.015,-0.025,-0.02232,-0.0283,-0.01806,-0.01012,0.1752,0.16747,0.27592
2011-06-22 12:30:00,"FOMC Rate Decision (Scheduled)",0,-0.005,-0.005,0,0,-0.005,0,0.005,0.01,0.01853,0.02917,0.02065,0.01551,0.10646,0.1162,-0.00347
2011-08-09 14:15:00,"FOMC Rate Decision (Scheduled)",0,0.005,0.0025,0.0025,0,0.02,0,-0.035,-0.085,-0.09233,-0.12265,-0.06074,0.01934,-0.87788,-0.9322,0.17918
2011-09-21 14:15:00,"FOMC Rate Decision (Scheduled)",0.005,0.015,0.02,0.02,0.01667,0.045,0.055,0.065,0.075,0.0443,0.04695,-0.00299,-0.07426,-0.609,-0.73809,-0.59691
2011-11-02 12:30:00,"FOMC Rate Decision (Scheduled)",0,0.005,0.005,0.005,0,0.01,0.01,0.01,0.015,0.01478,0.02133,0.012,0.00166,-0.13996,-0.14207,-0.22531
2011-12-13 14:15:00,"FOMC Rate Decision (Scheduled)",0,0,0,0,0,0,0.01,0.015,0.015,0.00738,0.00426,-0.00449,-0.01644,-0.81154,-0.70908,-0.32502
2012-01-25 12:30:00,"FOMC Rate Decision (Scheduled)",0,0,-0.0025,-0.0025,0,0,-0.01,-0.03,-0.035,-0.02213,-0.06232,-0.05376,-0.03313,0.30319,0.3248,0.39587
2012-03-13 14:15:00,"FOMC Rate Decision (Scheduled)",0,0,0,0,0,0,0.005,0.01,0.02,0.0074,0.02567,0.0315,0.03045,0.02241,0.01815,-0.29411
2012-04-25 12:30:00,"FOMC Rate Decision (Scheduled)",0,0,0,0,0,0,0,0,0,0,0.01133,0.01334,0.01658,-0.0166,-0.03618,-0.09848
2012-06-20 12:30:00,"FOMC Rate Decision (Scheduled)",0.00125,0.005,0.01,0.01,0.00375,0.015,0.015,0.02,0.02,0.02218,0.0113,-0.01461,-0.04381,-0.02733,-0.03712,-0.13396
2012-08-01 14:15:00,"FOMC Rate Decision (Scheduled)",0.01,0.01,0.015,0.01,0.01033,0.01,0.01,0.01,0.015,0.02215,0.03925,0.02749,0.0123,-0.1668,-0.20007,-0.48902
2012-09-13 12:30:00,"FOMC Rate Decision (Scheduled)",0.0075,0.015,0.02,0.015,0.01324,0.01,0.01,0.015,0.015,0.02585,0.06474,0.05878,0.07279,0.61107,0.64158,0.03877
2012-10-24 14:15:00,"FOMC Rate Decision (Scheduled)",0,0,0,0,0,0,0,0,0,-0.0037,-0.00987,-0.00737,0.00158,-0.00141,0.01773,0.03086
2012-12-12 12:30:00,"FOMC Rate Decision (Scheduled)",0,0,0,0,0,0,-0.005,-0.005,-0.005,0,-0.0014,0.01607,0.03593,0.39349,0.40126,0.35973
2013-01-30 14:15:00,"FOMC Rate Decision (Scheduled)",0,0,0,0,0,0,0,-0.005,-0.01,-0.00739,-0.01274,-0.01043,-0.01151,-0.07702,-0.08325,0.01474
2013-03-20 14:00:00,"FOMC Rate Decision (Scheduled)",0,0,0,0,0,0.005,0.005,0,0.0025,-0.00369,-0.00282,-0.00446,-0.00657,0.10916,0.11283,0.11193
2013-05-01 14:00:00,"FOMC Rate Decision (Scheduled)",0.0025,0,0.005,0.0025,0.00258,0,0,0,0,0,0.00561,0.0102,0.01244,0.14053,0.14225,0.11739
2013-06-19 14:00:00,"FOMC Rate Decision (Scheduled)",0.0025,0,0.0025,0.005,0.00682,0,0,0,0.01,0.02217,0.06303,0.05468,0.04086,-0.06366,-0.09128,-0.44857
2013-07-31 14:00:00,"FOMC Rate Decision (Scheduled)",0,0,0.0025,0,0,0,-0.005,-0.005,-0.0075,-0.00739,-0.03325,-0.02492,-0.02868,-0.03255,-0.05936,0.01505
2013-09-18 14:00:00,"FOMC Rate Decision (Scheduled)",0,-0.005,-0.0025,0,0,-0.005,-0.015,-0.02,-0.03,-0.04073,-0.13876,-0.11503,-0.06959,1.00779,1.05565,0.69305
2013-10-30 14:00:00,"FOMC Rate Decision (Scheduled)",0,0,0,0,0,-0.005,0,0,0.01,0.01108,0.03739,0.0399,0.0353,-0.29372,-0.31274,-0.35288
2013-12-18 14:00:00,"FOMC Rate Decision (Scheduled)",0,0.005,0,0,0,0.01,0.005,0.005,-0.005,-0.0148,-0.02334,-0.01107,0,0.7595,0.78802,0.06901
2014-01-29 14:00:00,"FOMC Rate Decision (Scheduled)",0,0.005,0,0,0.005,0.005,0.005,0,0.005,0,-0.00437,-0.0094,-0.01618,-0.40308,-0.39529,-0.10615
2014-03-19 14:00:00,"FOMC Rate Decision (Scheduled)",0,0.005,0,0,0,0.005,0.01,0.02,0.04,0.05932,0.09257,0.05712,0.02895,-0.20472,-0.21469,-0.44284
2014-04-30 14:00:00,"FOMC Rate Decision (Scheduled)",0,0,0.0025,0,0,0,0,0,0.005,0,0.00735,0.00792,0.00532,0.01755,0.02668,-0.01443
2014-06-18 14:00:00,"FOMC Rate Decision (Scheduled)",0,0.005,0.005,0,0,0,0.005,0.01,0.015,0.01114,0.02362,0.00475,-0.01053,0.31782,0.33568,-0.03315
2014-07-30 14:00:00,"FOMC Rate Decision (Scheduled)",0,0,0,0,0,-0.005,-0.005,-0.01,-0.01,-0.00743,-0.0133,-0.01263,-0.01552,0.39686,0.40705,0.08217
2014-09-17 14:00:00,"FOMC Rate Decision (Scheduled)",0,0,0,0,0,0,0.005,0.02,0.035,0.03722,0.05048,0.03009,0.01394,0.24878,0.23824,-0.30134
2014-10-29 14:00:00,"FOMC Rate Decision (Scheduled)",0,0,0.01,0.005,0,0,0.005,0.03,0.055,0.04448,0.05723,0.03261,0.00334,-0.29393,-0.32989,-0.7601
2014-12-17 14:00:00,"FOMC Rate Decision (Scheduled)",0,0,-0.005,-0.005,0,-0.015,-0.04,-0.075,-0.0925,-0.07068,-0.07054,-0.02769,0,0.74124,0.77699,0.35397
2015-01-28 14:00:00,"FOMC Rate Decision (Scheduled)",0,0.005,0,0.005,0.005,0,-0.005,-0.015,-0.015,-0.01484,-0.0203,-0.01952,-0.0154,-0.25168,-0.28413,-0.03969
2015-03-18 14:00:00,"FOMC Rate Decision (Scheduled)",-0.00125,-0.005,-0.01,-0.02,-0.00298,-0.04,-0.065,-0.08,-0.1,-0.08568,-0.07928,-0.05507,-0.04454,1.42474,1.47372,1.21836
2015-04-29 14:00:00,"FOMC Rate Decision (Scheduled)",0,0,0,0,0,0,0,0,0,0,-0.00146,0,-0.00429,0.09256,0.08332,-0.74584
2015-06-17 14:00:00,"FOMC Rate Decision (Scheduled)",-0.0025,-0.01,-0.015,-0.02,-0.00577,-0.03,-0.045,-0.05,-0.055,-0.05592,-0.06353,-0.04843,-0.03231,0.33272,0.17986,0.30166
2015-07-29 14:00:00,"FOMC Rate Decision (Scheduled)",0,-0.005,-0.005,-0.005,-0.005,-0.005,-0.01,-0.01,-0.01,-0.01488,-0.01761,-0.01238,-0.01344,0.12738,0.14305,-0.14947
2015-09-17 14:00:00,"FOMC Rate Decision (Scheduled)",-0.025,-0.055,-0.05,-0.0525,-0.05769,-0.06,-0.065,-0.065,-0.0625,-0.05591,-0.05278,-0.03548,-0.01959,0.14133,0.11295,0.53702
2015-10-28 14:00:00,"FOMC Rate Decision (Scheduled)",0,0,0.01,0.025,0,0.02,0.04,0.045,0.055,0.05579,0.0554,0.03203,-0.0029,-0.6055,-0.71377,-1.25816
2015-12-16 14:00:00,"FOMC Rate Decision (Scheduled)",0.0125,0.0175,0.01,0.015,0.02583,0.01,0.0175,0.025,0.025,0.00749,-0.00296,-0.01404,-0.03271,0.13922,0.18326,-0.1507
2016-01-27 14:00:00,"FOMC Rate Decision (Scheduled)",0,0,-0.01,-0.015,0,-0.02,-0.025,-0.035,-0.04,-0.03732,-0.03652,-0.02588,-0.01573,-0.36597,-0.35583,0.08272
2016-03-16 14:00:00,"FOMC Rate Decision (Scheduled)",-0.0075,-0.02,-0.055,-0.0525,-0.0155,-0.05,-0.08,-0.1,-0.11,-0.09351,-0.10688,-0.07004,-0.03236,0.26709,0.27437,0.82205
2016-04-27 14:00:00,"FOMC Rate Decision (Scheduled)",-0.0025,0,0,0.005,0,0.005,0.01,0.015,0.015,0.01492,0.01018,0.00302,-0.00561,0.24476,0.22774,-0.20751
2016-06-15 14:00:00,"FOMC Rate Decision (Scheduled)",-0.00125,-0.005,-0.025,-0.03,-0.0025,-0.04,-0.045,-0.05,-0.05,-0.05583,-0.0461,-0.02955,-0.00796,-0.04467,-0.04823,0.39949
2016-07-27 14:00:00,"FOMC Rate Decision (Scheduled)",-0.0025,-0.005,-0.005,0,-0.005,0.005,0.01,0.01,0.005,0.00372,-0.00576,-0.00736,-0.01035,0.21188,0.21986,-0.05458
2016-09-21 14:00:00,"FOMC Rate Decision (Scheduled)",-0.0125,-0.04,-0.03,-0.025,-0.04167,-0.02,-0.025,-0.03,-0.035,-0.04105,-0.04338,-0.03141,-0.02855,0.29354,0.2923,0.22376
2016-11-02 14:00:00,"FOMC Rate Decision (Scheduled)",-0.0025,0,0.005,0.01,-0.00268,0.005,0,0,0.005,0.00746,0.00289,0.0015,0.00833,0.06189,0.07162,-0.02252
2016-12-14 14:00:00,"FOMC Rate Decision (Scheduled)",-0.0025,0,0,0.0125,-0.00456,0.0025,0.02,0.05,0.08,0.0677,0.0837,0.06673,0.0373,-0.24159,-0.27609,-0.62223
2017-02-01 14:00:00,"FOMC Rate Decision (Scheduled)",-0.0025,-0.0125,-0.02,-0.0175,-0.00259,-0.015,-0.02,-0.02,-0.025,-0.03007,-0.02388,-0.01268,0,0.16147,0.16484,0.10698
2017-03-15 14:00:00,"FOMC Rate Decision (Scheduled)",0.0025,0.005,-0.005,-0.02,0.00484,-0.035,-0.05,-0.06,-0.07,-0.0717,-0.07364,-0.05108,-0.01729,0.28177,0.29472,0.38469
2017-05-03 14:00:00,"FOMC Rate Decision (Scheduled)",0,0.01,0.01,0.0075,0,0.01,0.015,0.015,0.02,0.01505,0.02077,0.01721,0.0151,0.03859,0.04201,-0.11916
2017-06-14 14:00:00,"FOMC Rate Decision (Scheduled)",0.01,0.015,0.01,0.015,0.01875,0.0075,0.015,0.015,0.02,0.02634,0.02071,0.01235,0.00294,-0.0406,-0.05131,-0.1776
2017-07-26 14:00:00,"FOMC Rate Decision (Scheduled)",0,0,-0.005,-0.01,0,-0.005,-0.01,-0.015,-0.02,-0.01884,-0.02528,-0.01718,-0.00151,0.02098,0.0202,0.44116
2017-09-20 14:00:00,"FOMC Rate Decision (Scheduled)",0,0,0,0.02,0,0.04,0.045,0.055,0.055,0.04527,0.05513,0.03744,0.01793,-0.14615,-0.15988,-0.7734
2017-11-01 14:00:00,"FOMC Rate Decision (Scheduled)",-0.0025,0.005,0,0,-0.00259,0,0,0.005,0.005,0.00378,0.0045,0.00629,0.00452,0.08571,0.07766,-0.06452
2017-12-13 14:00:00,"FOMC Rate Decision (Scheduled)",0,0.005,0,0,0,-0.0025,-0.005,-0.01,-0.01,-0.01521,-0.01661,-0.01265,-0.0075,0.07573,0.07488,0.15276
2018-01-31 14:00:00,"FOMC Rate Decision (Scheduled)",0,-0.005,0,0.005,-0.005,0,0.005,0.005,0.01,0.00764,0.01381,0.01301,0.01106,-0.10361,-0.1149,-0.16523
2018-03-21 14:00:00,"FOMC Rate Decision (Scheduled)",0,-0.005,-0.0075,-0.005,0,-0.005,-0.005,0,0.005,-0.00768,0.01392,0.0165,0.02289,0.3479,0.36575,0.28074
2018-05-02 14:00:00,"FOMC Rate Decision (Scheduled)",-0.0025,-0.005,0,0,-0.00267,0,-0.005,-0.01,-0.005,-0.01538,-0.02019,-0.0116,-0.00655,0.1428,0.16027,0.40461
2018-06-13 14:00:00,"FOMC Rate Decision (Scheduled)",-0.005,-0.005,-0.005,0.0025,-0.00882,0,0.02,0.03,0.03,0.04237,0.04047,0.03153,0.02796,-0.13533,-0.14338,-0.34416
2018-08-01 14:00:00,"FOMC Rate Decision (Scheduled)",0,0,0,0,0,0,-0.005,-0.0025,-0.005,0,-0.00467,-0.00332,-0.0033,0.02134,0.02668,0.04714
2018-09-26 14:00:00,"FOMC Rate Decision (Scheduled)",0,0.01,0.01,0.01,0.01,0,0,-0.005,-0.01,-0.00387,-0.00784,-0.00167,0.00337,0.22624,0.22178,0.04248
2018-11-08 14:00:00,"FOMC Rate Decision (Scheduled)",0.0025,0.005,0,0,0.00341,0.005,0.005,0.005,0.005,0.00775,0.0063,0.00505,0.0052,0.09441,0.08016,-0.19756
2018-12-19 14:00:00,"FOMC Rate Decision (Scheduled)",0.01,0.03,0.025,0.02,0.02583,0.03,0.025,0.015,0.015,0.00385,-0.00773,-0.01471,-0.0243,-0.94125,-0.97595,-0.38569
2019-01-30 14:00:00,"FOMC Rate Decision (Scheduled)",0,0,-0.005,-0.005,0,-0.01,-0.03,-0.03,-0.04,-0.03653,-0.03076,-0.01945,-0.00482,0.77383,0.77759,0.50235
2019-03-20 14:00:00,"FOMC Rate Decision (Scheduled)",0,0,-0.005,-0.005,0,-0.005,-0.025,-0.05,-0.06,-0.05943,-0.06564,-0.04803,-0.03343,0.50599,0.50327,0.57981
2019-05-01 14:00:00,"FOMC Rate Decision (Scheduled)",-0.025,-0.02,-0.025,-0.04,-0.02583,-0.035,-0.04,-0.045,-0.05,-0.04589,-0.03795,-0.02224,-0.00472,0.20476,0.19482,0.16439
2019-06-19 14:00:00,"FOMC Rate Decision (Scheduled)",0.0225,0.05,-0.03,-0.035,0.06136,-0.06,-0.085,-0.105,-0.105,-0.07961,-0.0626,-0.04156,-0.02824,0.23767,0.23931,0.15144
2019-07-31 14:00:00,"FOMC Rate Decision (Scheduled)",0,0.04,0.04,0.045,0.04,0.04,0.05,0.04,0.03,0.02088,0.00298,-0.00307,-0.01774,-0.13745,-0.14938,-0.21132
2019-09-18 14:00:00,"FOMC Rate Decision (Scheduled)",0.01375,0.0175,0.01,0.015,0.03438,0.035,0.03,0.03,0.03,0.03785,0.03103,0.02416,0.01279,-0.37358,-0.39262,-0.30772
2019-10-11 11:00:00,"Statement Regarding Monetary Policy Implementation (addressed recent liquidity strains in the repo market by announcing Treasury bill purchases and repo operations to ensure ample reserves)",-0.005,-0.01,-0.005,0,-0.00775,-0.02,-0.0025,0,0,-0.00756,-0.0059,-0.0015,0.00284,0.19962,0.19258,0.13132
2019-10-30 14:00:00,"FOMC Rate Decision (Scheduled)",0,-0.0125,0.005,0.015,-0.0125,0.01,0.015,0.015,0.02,0.01325,0.01035,0.00302,-0.00573,0.14959,0.14837,-0.05849
2019-12-11 14:00:00,"FOMC Rate Decision (Scheduled)",0,0,0,-0.005,0,0,0,-0.005,-0.005,-0.00757,-0.00591,-0.00455,0.00144,0.16766,0.16732,0.12158
2020-01-29 14:00:00,"FOMC Rate Decision (Scheduled)",0.0025,0.015,0.01,0.01,0.015,0.005,0.005,0.005,0.005,0.00189,-0.00293,-0.00298,-0.00702,0.02827,0.02281,0.0318
2020-03-03 10:00:00,"FOMC Rate Decision (Scheduled)",-0.23125,-0.175,-0.155,-0.145,-0.25603,-0.1675,-0.13,-0.11,-0.0975,-0.06804,-0.04982,-0.03308,-0.01314,0.65188,0.69044,0.69428
2020-03-15 17:00:00,"FOMC Rate Decision (Unscheduled)",NaN,NaN,NaN,NaN,NaN,-0.06625,-0.0475,-0.0125,-0.07,-0.0037,-0.00775,-0.00713,0,NaN,-0.45096,0.79187
2020-04-29 14:00:00,"FOMC Rate Decision (Scheduled)",-0.0025,-0.03,-0.025,-0.02,-0.03,0,-0.005,-0.005,-0.005,0.00369,0.00836,0.00975,0.01709,-0.18878,-0.19611,0.13805
2020-06-10 14:00:00,"FOMC Rate Decision (Scheduled)",0,0,0,0,0,-0.0025,0,-0.005,-0.005,-0.00922,-0.01812,-0.01261,0.00381,0.59258,0.53764,0.36881
2020-07-29 14:00:00,"FOMC Rate Decision (Scheduled)",0,0.005,0,0,0.005,-0.005,-0.015,-0.005,0,-0.00369,-0.00833,-0.00693,-0.00612,0.06893,0.07712,0.02121
2020-09-16 14:00:00,"FOMC Rate Decision (Scheduled)",-0.0025,0,0,0,-0.00536,-0.005,0,0,0,-0.00184,0.00139,0.00416,0.01259,0.40618,0.40382,0.06764
2020-11-05 14:00:00,"FOMC Rate Decision (Scheduled)",0,0,0,0,0,0,0,0,-0.005,-0.00184,0.00139,0.00279,0.00128,0.0341,0.02135,0.04231
2020-12-16 14:00:00,"FOMC Rate Decision (Scheduled)",-0.0025,0,0,0,-0.00517,0,0,0.005,0,0.00184,0.01387,0.01969,0.02727,-0.16237,-0.15931,-0.25912
2021-01-27 14:00:00,"FOMC Rate Decision (Scheduled)",0,0.0025,0,0.005,0.0025,0.005,0,0,0,0,-0.00139,0,-0.00132,-0.34152,-0.33775,-0.0743
2021-03-17 14:00:00,"FOMC Rate Decision (Scheduled)",-0.0025,-0.005,-0.005,-0.005,-0.00554,-0.01,-0.005,-0.01,-0.01,-0.0166,-0.03955,-0.01774,0.0074,0.53485,0.53907,0.43153
2021-04-28 14:00:00,"FOMC Rate Decision (Scheduled)",-0.0025,-0.005,-0.005,-0.005,-0.005,-0.005,0,-0.005,-0.005,-0.00369,-0.00565,-0.00296,-0.00437,0.05755,0.07477,0.14888
2021-06-16 14:00:00,"FOMC Rate Decision (Scheduled)",0.0125,0.025,0.01,0.01,0.02679,0.01,0.015,0.02,0.03,0.02768,0.07067,0.05156,0.03458,-0.49477,-0.49859,-0.60443
2021-07-28 14:00:00,"FOMC Rate Decision (Scheduled)",0,0,0,0,0,0,0,0,0.01,0.00738,0.0211,0.00869,-0.00138,0.18406,0.17644,-0.03387
2021-09-22 14:00:00,"FOMC Rate Decision (Scheduled)",0,0,0,0,0,0,0,0,0,0.0037,0.00567,-0.00146,-0.00138,0.37317,0.35859,0.1534
2021-11-03 14:00:00,"FOMC Rate Decision (Scheduled)",0,0,0,0.0025,0,0,0.005,0.01,0.0075,0.00928,0.01727,0.01196,0.03268,0.23372,0.22721,0.02158
2021-12-15 14:00:00,"FOMC Rate Decision (Scheduled)",-0.0025,0,-0.005,0.0075,-0.00484,0.025,0.045,0.05,0.05,0.03361,0.02756,0.01945,0.00561,0.62031,0.57237,-0.16004
2022-01-26 14:00:00,"FOMC Rate Decision (Scheduled)",-0.0025,-0.01,-0.005,-0.005,-0.01,-0.0075,-0.01,-0.005,-0.005,-0.00188,0.00881,0.01378,0.01336,-0.2151,-0.20134,0
2022-03-16 14:00:00,"FOMC Rate Decision (Scheduled)",-0.01,-0.015,0,0.02,-0.02067,0.06,0.11,0.145,0.155,0.10704,0.06975,0.04598,0.03677,-0.74763,-0.76101,-0.1731
2022-05-04 14:00:00,"FOMC Rate Decision (Scheduled)",-0.0175,-0.02,-0.02,-0.02,-0.02009,-0.025,-0.0275,-0.03,-0.04,-0.0426,-0.04551,-0.02342,-0.01016,-0.14965,-0.16759,0.1233
2022-06-13 15:15:00,"WSJ article: Bad Inflation Reports Raise Odds of Surprise 0.75-Percentage-Point Rate Rise This Week (event highlighted by Kurt Lunsford)",0.04625,0.115,0.16,0.155,0.08162,NaN,0.185,0.135,0.115,0.11179,0.07566,0.04843,0.03078,-0.45255,-0.46245,-0.17281
2022-06-15 14:00:00,"FOMC Rate Decision (Scheduled)",0.0225,0.035,0.045,0.05,0.045,0.07,0.0825,0.09,0.0575,0.04313,0.02413,0.01386,0.00453,-0.12554,-0.08618,-0.07697
2022-07-27 14:00:00,"FOMC Rate Decision (Scheduled)",-0.0025,-0.015,-0.015,-0.02,-0.015,-0.005,0,0.005,0.005,0.00291,0.00156,0.00165,0,0.05081,0.06284,0.10356
2022-09-21 14:00:00,"FOMC Rate Decision (Scheduled)",-0.01,-0.035,0,0.04,-0.03333,0.09,0.12,0.13,0.115,0.09103,0.05207,0.01929,-0.01484,-1.35205,-1.38846,-0.4056
2022-11-02 14:00:00,"FOMC Rate Decision (Scheduled)",-0.0025,-0.025,-0.04,-0.065,-0.00268,-0.06,-0.0775,-0.08,-0.09,-0.08185,-0.07457,-0.04518,-0.00813,0.70408,0.69157,0.5648
2022-12-14 14:00:00,"FOMC Rate Decision (Scheduled)",0,0,0.035,0.045,0,0.0125,0.085,0.115,0.12,0.08115,0.05976,0.03305,0.00552,-1.14497,-1.16971,-0.31877
2023-02-01 14:00:00,"FOMC Rate Decision (Scheduled)",-0.0075,-0.005,0.005,0.005,-0.00778,-0.005,0.005,0.02,0.02,0.02182,0.01614,0.0104,0.01288,0.13746,0.13506,-0.04125
2023-03-22 14:00:00,"FOMC Rate Decision (Scheduled)",0.01,0.04,0.02,0.015,0.03444,0.025,-0.015,-0.07,-0.08,-0.09083,-0.05979,-0.02785,0.00277,0.28513,0.27857,0.48064
2023-05-03 14:00:00,"FOMC Rate Decision (Scheduled)",0.0125,0.015,0.015,0.02,0.01384,0.0075,0.015,0.015,0.015,0.00592,0.01119,0.00858,0.02362,0.11806,0.12046,0.13567
2023-06-14 14:00:00,"FOMC Rate Decision (Scheduled)",-0.01,-0.01,0.025,0.035,-0.01875,-0.0025,0,0.08,0.125,0.12573,0.09352,0.05671,0.02488,-0.69926,-0.69226,-0.39695
2023-07-26 14:00:00,"FOMC Rate Decision (Scheduled)",0,0,0,0,0,0,0,0.0075,0.01,0.00603,0.00165,-0.00179,-0.00387,0.08908,0.08179,0.02259
2023-09-20 14:00:00,"FOMC Rate Decision (Scheduled)",-0.0025,-0.005,0.025,0.0275,-0.0075,0.01,0.035,0.065,0.095,0.06841,0.05526,0.03491,0.0146,-0.17053,-0.18928,-0.31749
2023-11-01 14:00:00,"FOMC Rate Decision (Scheduled)",-0.0025,-0.01,-0.01,-0.015,-0.00259,0,-0.01,-0.015,-0.015,-0.01208,-0.00676,-0.00378,0.0046,0.01259,0.01773,-0.01899
2023-12-13 14:00:00,"FOMC Rate Decision (Scheduled)",-0.0025,0,-0.005,-0.025,-0.00431,0,-0.005,-0.065,-0.125,-0.13941,-0.11671,-0.0828,-0.06331,0.66225,0.63107,0.69294
2024-01-31 14:00:00,"FOMC Rate Decision (Scheduled)",0,0.0025,0.01,0.02,0.0025,0,0.025,0.02,0.02,0.00992,0.00815,0.00534,0.01205,-0.30595,-0.30568,-0.1384
2024-03-20 14:00:00,"FOMC Rate Decision (Scheduled)",0,0,0,-0.005,0,0,-0.015,-0.035,-0.035,-0.02194,-0.00497,0.00545,0.02922,0.23831,0.2479,0.069
2024-05-01 14:00:00,"FOMC Rate Decision (Scheduled)",0,0,0,-0.005,0,0,0,-0.01,-0.015,-0.01308,-0.01351,-0.00934,-0.00437,0.11812,0.12855,0.05617
2024-06-12 14:00:00,"FOMC Rate Decision (Scheduled)",0,0,0.015,0.015,0,0,0.005,0.02,0.025,0.01795,0.01159,0.00908,0.01245,-0.01564,-0.0092,-0.10153
2024-07-31 14:00:00,"FOMC Rate Decision (Scheduled)",0,0.0025,0.01,0.015,0.0025,0.0025,0.015,0.02,0.015,0.01788,0.01476,0.01075,0.01226,0.14066,0.13038,-0.037
2024-09-18 14:00:00,"FOMC Rate Decision (Scheduled)",-0.0475,-0.11,-0.11,-0.11,-0.11875,-0.1075,-0.12,-0.125,-0.11,-0.08012,-0.04153,-0.02422,-0.01156,0.39743,0.3611,0.41254
